param,value,seed,policy,true_positive,false_positive,false_negative,true_negative,precision,recall,fp_safety_risk,fp_inauthentic,fp_sophisticated,fp_mismatch_only,human_review_rate,probe_rate,total_cost,mean_cost
p_A_false,0.1,2000,v0_threshold,18,1,1,20,0.9473684210526315,0.9473684210526315,1,0,0,0,0.1,0.075,43.0,1.075
p_A_false,0.1,2000,v0_expected_cost,17,0,2,21,1.0,0.8947368421052632,0,0,0,0,0.0,0.125,-165.0,-4.125
p_A_false,0.1,2000,engagement_baseline,14,16,5,5,0.4666666666666667,0.7368421052631579,2,1,0,13,0.0,0.0,525.0,13.125
p_A_false,0.1,2001,v0_threshold,23,1,2,14,0.9583333333333334,0.92,0,1,1,0,0.05,0.05,-198.0,-4.95
p_A_false,0.1,2001,v0_expected_cost,23,1,2,14,0.9583333333333334,0.92,0,1,1,0,0.0,0.075,-197.0,-4.925
p_A_false,0.1,2001,engagement_baseline,18,11,7,4,0.6206896551724138,0.72,0,1,1,10,0.0,0.0,60.0,1.5
p_A_false,0.1,2002,v0_threshold,17,0,0,23,1.0,1.0,0,0,0,0,0.1,0.075,-147.0,-3.675
p_A_false,0.1,2002,v0_expected_cost,16,0,1,23,1.0,0.9411764705882353,0,0,0,0,0.0,0.125,-155.0,-3.875
p_A_false,0.1,2002,engagement_baseline,16,15,1,8,0.5161290322580645,0.9411764705882353,3,1,0,12,0.0,0.0,630.0,15.75
p_A_false,0.1,2003,v0_threshold,23,1,0,16,0.9583333333333334,1.0,0,1,1,0,0.075,0.05,-193.0,-4.825
p_A_false,0.1,2003,v0_expected_cost,22,1,1,16,0.9565217391304348,0.9565217391304348,0,1,1,0,0.0,0.075,-197.0,-4.925
p_A_false,0.1,2003,engagement_baseline,19,11,4,6,0.6333333333333333,0.8260869565217391,2,0,0,9,0.0,0.0,385.0,9.625
p_A_false,0.1,2004,v0_threshold,18,0,0,22,1.0,1.0,0,0,0,0,0.05,0.15,-164.0,-4.1
p_A_false,0.1,2004,v0_expected_cost,18,0,0,22,1.0,1.0,0,0,0,0,0.0,0.075,-177.0,-4.425
p_A_false,0.1,2004,engagement_baseline,17,17,1,5,0.5,0.9444444444444444,1,4,2,13,0.0,0.0,295.0,7.375
p_A_false,0.1,2005,v0_threshold,23,0,3,14,1.0,0.8846153846153846,0,0,0,0,0.125,0.1,-201.0,-5.025
p_A_false,0.1,2005,v0_expected_cost,20,0,6,14,1.0,0.7692307692307693,0,0,0,0,0.0,0.225,-191.0,-4.775
p_A_false,0.1,2005,engagement_baseline,20,9,6,5,0.6896551724137931,0.7692307692307693,2,2,0,5,0.0,0.0,375.0,9.375
p_A_false,0.1,2006,v0_threshold,19,0,0,21,1.0,1.0,0,0,0,0,0.075,0.05,-173.0,-4.325
p_A_false,0.1,2006,v0_expected_cost,19,0,0,21,1.0,1.0,0,0,0,0,0.025,0.0,-185.0,-4.625
p_A_false,0.1,2006,engagement_baseline,16,18,3,3,0.47058823529411764,0.8421052631578947,2,3,1,13,0.0,0.0,525.0,13.125
p_A_false,0.1,2007,v0_threshold,15,1,0,24,0.9375,1.0,0,1,1,0,0.1,0.05,-108.0,-2.7
p_A_false,0.1,2007,v0_expected_cost,15,1,0,24,0.9375,1.0,0,1,1,0,0.0,0.1,-126.0,-3.15
p_A_false,0.1,2007,engagement_baseline,12,22,3,3,0.35294117647058826,0.8,4,4,4,14,0.0,0.0,1000.0,25.0
p_A_false,0.1,2008,v0_threshold,22,1,0,17,0.9565217391304348,1.0,0,0,0,1,0.1,0.025,-184.0,-4.6
p_A_false,0.1,2008,v0_expected_cost,20,1,2,17,0.9523809523809523,0.9090909090909091,0,0,0,1,0.0,0.1,-181.0,-4.525
p_A_false,0.1,2008,engagement_baseline,20,16,2,2,0.5555555555555556,0.9090909090909091,2,2,2,13,0.0,0.0,435.0,10.875
p_A_false,0.1,2009,v0_threshold,18,2,0,20,0.9,1.0,0,2,2,0,0.025,0.05,-133.0,-3.325
p_A_false,0.1,2009,v0_expected_cost,18,2,0,20,0.9,1.0,0,2,2,0,0.0,0.025,-139.0,-3.475
p_A_false,0.1,2009,engagement_baseline,15,15,3,7,0.5,0.8333333333333334,1,1,1,13,0.0,0.0,295.0,7.375
p_A_false,0.1,2010,v0_threshold,22,0,0,18,1.0,1.0,0,0,0,0,0.05,0.125,-205.0,-5.125
p_A_false,0.1,2010,v0_expected_cost,19,0,3,18,1.0,0.8636363636363636,0,0,0,0,0.0,0.125,-185.0,-4.625
p_A_false,0.1,2010,engagement_baseline,17,12,5,6,0.5862068965517241,0.7727272727272727,1,2,1,9,0.0,0.0,255.0,6.375
p_A_false,0.1,2011,v0_threshold,18,0,1,21,1.0,0.9473684210526315,0,0,0,0,0.075,0.075,-162.0,-4.05
p_A_false,0.1,2011,v0_expected_cost,18,0,1,21,1.0,0.9473684210526315,0,0,0,0,0.0,0.05,-178.0,-4.45
p_A_false,0.1,2011,engagement_baseline,14,16,5,5,0.4666666666666667,0.7368421052631579,2,2,1,12,0.0,0.0,530.0,13.25
p_A_false,0.1,2012,v0_threshold,22,0,0,18,1.0,1.0,0,0,0,0,0.025,0.025,-214.0,-5.35
p_A_false,0.1,2012,v0_expected_cost,19,0,3,18,1.0,0.8636363636363636,0,0,0,0,0.0,0.15,-184.0,-4.6
p_A_false,0.1,2012,engagement_baseline,18,13,4,5,0.5806451612903226,0.8181818181818182,1,0,0,12,0.0,0.0,240.0,6.0
p_A_false,0.1,2013,v0_threshold,16,0,1,23,1.0,0.9411764705882353,0,0,0,0,0.1,0.15,-134.0,-3.35
p_A_false,0.1,2013,v0_expected_cost,16,0,1,23,1.0,0.9411764705882353,0,0,0,0,0.025,0.075,-152.0,-3.8
p_A_false,0.1,2013,engagement_baseline,16,16,1,7,0.5,0.9411764705882353,2,4,1,10,0.0,0.0,480.0,12.0
p_A_false,0.1,2014,v0_threshold,19,2,0,19,0.9047619047619048,1.0,0,1,1,1,0.025,0.075,-147.0,-3.675
p_A_false,0.1,2014,v0_expected_cost,19,2,0,19,0.9047619047619048,1.0,0,1,1,1,0.0,0.025,-154.0,-3.85
p_A_false,0.1,2014,engagement_baseline,15,18,4,3,0.45454545454545453,0.7894736842105263,1,3,1,14,0.0,0.0,360.0,9.0
p_A_false,0.2,2000,v0_threshold,17,2,0,21,0.8947368421052632,1.0,1,1,1,0,0.075,0.05,67.0,1.675
p_A_false,0.2,2000,v0_expected_cost,17,1,0,22,0.9444444444444444,1.0,0,1,1,0,0.0,0.125,-145.0,-3.625
p_A_false,0.2,2000,engagement_baseline,14,17,3,6,0.45161290322580644,0.8235294117647058,3,3,2,11,0.0,0.0,715.0,17.875
p_A_false,0.2,2001,v0_threshold,18,0,2,20,1.0,0.9,0,0,0,0,0.125,0.1,-151.0,-3.775
p_A_false,0.2,2001,v0_expected_cost,17,0,3,20,1.0,0.85,0,0,0,0,0.0,0.15,-154.0,-3.85
p_A_false,0.2,2001,engagement_baseline,14,13,6,7,0.5185185185185185,0.7,2,2,2,10,0.0,0.0,490.0,12.25
p_A_false,0.2,2002,v0_threshold,19,2,0,19,0.9047619047619048,1.0,0,2,2,0,0.025,0.075,-142.0,-3.55
p_A_false,0.2,2002,v0_expected_cost,19,2,0,19,0.9047619047619048,1.0,0,2,2,0,0.0,0.0,-150.0,-3.75
p_A_false,0.2,2002,engagement_baseline,16,15,3,6,0.5161290322580645,0.8421052631578947,0,2,1,13,0.0,0.0,105.0,2.625
p_A_false,0.2,2003,v0_threshold,19,1,0,20,0.95,1.0,0,1,1,0,0.025,0.1,-161.0,-4.025
p_A_false,0.2,2003,v0_expected_cost,18,1,1,20,0.9473684210526315,0.9473684210526315,0,1,1,0,0.0,0.125,-155.0,-3.875
p_A_false,0.2,2003,engagement_baseline,17,17,2,4,0.5,0.8947368421052632,1,3,2,13,0.0,0.0,305.0,7.625
p_A_false,0.2,2004,v0_threshold,14,2,0,24,0.875,1.0,0,2,2,0,0.05,0.175,-83.0,-2.075
p_A_false,0.2,2004,v0_expected_cost,14,2,0,24,0.875,1.0,0,2,2,0,0.0,0.025,-99.0,-2.475
p_A_false,0.2,2004,engagement_baseline,11,21,3,5,0.34375,0.7857142857142857,1,6,3,14,0.0,0.0,450.0,11.25
p_A_false,0.2,2005,v0_threshold,16,0,1,23,1.0,0.9411764705882353,0,0,0,0,0.05,0.2,-142.0,-3.55
p_A_false,0.2,2005,v0_expected_cost,16,1,1,22,0.9411764705882353,0.9411764705882353,0,1,1,0,0.0,0.075,-137.0,-3.425
p_A_false,0.2,2005,engagement_baseline,14,20,3,3,0.4117647058823529,0.8235294117647058,0,8,3,12,0.0,0.0,230.0,5.75
p_A_false,0.2,2006,v0_threshold,18,2,0,20,0.9,1.0,0,2,2,0,0.075,0.1,-121.0,-3.025
p_A_false,0.2,2006,v0_expected_cost,18,2,0,20,0.9,1.0,0,2,2,0,0.025,0.0,-135.0,-3.375
p_A_false,0.2,2006,engagement_baseline,16,17,2,5,0.48484848484848486,0.8888888888888888,2,5,2,11,0.0,0.0,505.0,12.625
p_A_false,0.2,2007,v0_threshold,14,2,0,24,0.875,1.0,0,2,2,0,0.05,0.1,-86.0,-2.15
p_A_false,0.2,2007,v0_expected_cost,13,2,1,24,0.8666666666666667,0.9285714285714286,0,2,2,0,0.0,0.125,-85.0,-2.125
p_A_false,0.2,2007,engagement_baseline,14,18,0,8,0.4375,1.0,1,4,2,13,0.0,0.0,335.0,8.375
p_A_false,0.2,2008,v0_threshold,15,2,1,22,0.8823529411764706,0.9375,0,2,2,0,0.1,0.125,-85.0,-2.125
p_A_false,0.2,2008,v0_expected_cost,13,1,3,23,0.9285714285714286,0.8125,0,1,1,0,0.0,0.125,-105.0,-2.625
p_A_false,0.2,2008,engagement_baseline,14,16,2,8,0.4666666666666667,0.875,2,3,2,12,0.0,0.0,500.0,12.5
p_A_false,0.2,2009,v0_threshold,18,3,1,18,0.8571428571428571,0.9473684210526315,0,3,3,0,0.1,0.175,-93.0,-2.325
p_A_false,0.2,2009,v0_expected_cost,18,3,1,18,0.8571428571428571,0.9473684210526315,0,3,3,0,0.025,0.1,-111.0,-2.775
p_A_false,0.2,2009,engagement_baseline,14,15,5,6,0.4827586206896552,0.7368421052631579,2,6,3,7,0.0,0.0,535.0,13.375
p_A_false,0.2,2010,v0_threshold,18,2,0,20,0.9,1.0,0,2,2,0,0.05,0.075,-127.0,-3.175
p_A_false,0.2,2010,v0_expected_cost,15,2,3,20,0.8823529411764706,0.8333333333333334,0,2,2,0,0.0,0.2,-102.0,-2.55
p_A_false,0.2,2010,engagement_baseline,12,18,6,4,0.4,0.6666666666666666,2,4,3,12,0.0,0.0,600.0,15.0
p_A_false,0.2,2011,v0_threshold,14,1,0,25,0.9333333333333333,1.0,0,1,1,0,0.1,0.15,-94.0,-2.35
p_A_false,0.2,2011,v0_expected_cost,13,1,1,25,0.9285714285714286,0.9285714285714286,0,1,1,0,0.0,0.05,-108.0,-2.7
p_A_false,0.2,2011,engagement_baseline,11,18,3,8,0.3793103448275862,0.7857142857142857,1,7,3,10,0.0,0.0,410.0,10.25
p_A_false,0.2,2012,v0_threshold,18,4,0,18,0.8181818181818182,1.0,0,4,4,0,0.05,0.1,-86.0,-2.15
p_A_false,0.2,2012,v0_expected_cost,16,4,2,18,0.8,0.8888888888888888,0,4,4,0,0.0,0.125,-75.0,-1.875
p_A_false,0.2,2012,engagement_baseline,16,19,2,3,0.45714285714285713,0.8888888888888888,1,8,5,10,0.0,0.0,370.0,9.25
p_A_false,0.2,2013,v0_threshold,18,1,1,20,0.9473684210526315,0.9473684210526315,0,1,1,0,0.075,0.15,-139.0,-3.475
p_A_false,0.2,2013,v0_expected_cost,18,1,1,20,0.9473684210526315,0.9473684210526315,0,1,1,0,0.0,0.125,-155.0,-3.875
p_A_false,0.2,2013,engagement_baseline,19,15,0,6,0.5588235294117647,1.0,2,5,3,8,0.0,0.0,430.0,10.75
p_A_false,0.2,2014,v0_threshold,18,2,0,20,0.9,1.0,0,1,1,1,0.0,0.075,-142.0,-3.55
p_A_false,0.2,2014,v0_expected_cost,18,2,0,20,0.9,1.0,0,1,1,1,0.0,0.05,-143.0,-3.575
p_A_false,0.2,2014,engagement_baseline,14,20,4,2,0.4117647058823529,0.7777777777777778,0,4,2,16,0.0,0.0,220.0,5.5
p_A_false,0.25,2000,v0_threshold,13,5,1,21,0.7222222222222222,0.9285714285714286,1,3,3,1,0.025,0.075,163.0,4.075
p_A_false,0.25,2000,v0_expected_cost,13,4,1,22,0.7647058823529411,0.9285714285714286,0,3,3,1,0.0,0.175,-48.0,-1.2
p_A_false,0.25,2000,engagement_baseline,11,20,3,6,0.3548387096774194,0.7857142857142857,1,5,3,14,0.0,0.0,430.0,10.75
p_A_false,0.25,2001,v0_threshold,16,1,1,22,0.9411764705882353,0.9411764705882353,0,1,1,0,0.0,0.2,-132.0,-3.3
p_A_false,0.25,2001,v0_expected_cost,16,0,1,23,1.0,0.9411764705882353,0,0,0,0,0.0,0.1,-146.0,-3.65
p_A_false,0.25,2001,engagement_baseline,13,16,4,7,0.4482758620689655,0.7647058823529411,0,4,3,12,0.0,0.0,170.0,4.25
p_A_false,0.25,2002,v0_threshold,11,1,0,28,0.9166666666666666,1.0,0,1,1,0,0.05,0.15,-74.0,-1.85
p_A_false,0.25,2002,v0_expected_cost,9,1,2,28,0.9,0.8181818181818182,0,1,1,0,0.0,0.125,-65.0,-1.625
p_A_false,0.25,2002,engagement_baseline,8,20,3,9,0.2857142857142857,0.7272727272727273,2,6,2,12,0.0,0.0,650.0,16.25
p_A_false,0.25,2003,v0_threshold,17,1,0,22,0.9444444444444444,1.0,0,1,1,0,0.025,0.125,-140.0,-3.5
p_A_false,0.25,2003,v0_expected_cost,17,1,0,22,0.9444444444444444,1.0,0,1,1,0,0.0,0.1,-146.0,-3.65
p_A_false,0.25,2003,engagement_baseline,17,18,0,5,0.4857142857142857,1.0,1,4,3,13,0.0,0.0,305.0,7.625
p_A_false,0.25,2004,v0_threshold,16,2,0,22,0.8888888888888888,1.0,0,2,2,0,0.05,0.175,-103.0,-2.575
p_A_false,0.25,2004,v0_expected_cost,15,2,1,22,0.8823529411764706,0.9375,0,2,2,0,0.0,0.05,-108.0,-2.7
p_A_false,0.25,2004,engagement_baseline,14,20,2,4,0.4117647058823529,0.875,1,7,4,12,0.0,0.0,400.0,10.0
p_A_false,0.25,2005,v0_threshold,16,0,1,23,1.0,0.9411764705882353,0,0,0,0,0.05,0.225,-141.0,-3.525
p_A_false,0.25,2005,v0_expected_cost,16,1,1,22,0.9411764705882353,0.9411764705882353,0,1,1,0,0.0,0.075,-137.0,-3.425
p_A_false,0.25,2005,engagement_baseline,14,20,3,3,0.4117647058823529,0.8235294117647058,0,10,4,10,0.0,0.0,240.0,6.0
p_A_false,0.25,2006,v0_threshold,18,2,0,20,0.9,1.0,0,2,2,0,0.075,0.1,-121.0,-3.025
p_A_false,0.25,2006,v0_expected_cost,18,2,0,20,0.9,1.0,0,2,2,0,0.025,0.0,-135.0,-3.375
p_A_false,0.25,2006,engagement_baseline,16,17,2,5,0.48484848484848486,0.8888888888888888,2,5,2,11,0.0,0.0,505.0,12.625
p_A_false,0.25,2007,v0_threshold,18,2,0,20,0.9,1.0,0,2,2,0,0.075,0.075,-122.0,-3.05
p_A_false,0.25,2007,v0_expected_cost,15,1,3,21,0.9375,0.8333333333333334,0,1,1,0,0.0,0.1,-126.0,-3.15
p_A_false,0.25,2007,engagement_baseline,16,14,2,8,0.5333333333333333,0.8888888888888888,2,3,2,9,0.0,0.0,455.0,11.375
p_A_false,0.25,2008,v0_threshold,15,1,0,24,0.9375,1.0,0,1,1,0,0.1,0.275,-99.0,-2.475
p_A_false,0.25,2008,v0_expected_cost,12,1,3,24,0.9230769230769231,0.8,0,1,1,0,0.0,0.175,-93.0,-2.325
p_A_false,0.25,2008,engagement_baseline,12,11,3,14,0.5217391304347826,0.8,3,3,3,6,0.0,0.0,640.0,16.0
p_A_false,0.25,2009,v0_threshold,12,1,0,27,0.9230769230769231,1.0,0,1,1,0,0.05,0.3,-78.0,-1.95
p_A_false,0.25,2009,v0_expected_cost,12,1,0,27,0.9230769230769231,1.0,0,1,1,0,0.025,0.075,-92.0,-2.3
p_A_false,0.25,2009,engagement_baseline,10,19,2,9,0.3448275862068966,0.8333333333333334,1,6,2,12,0.0,0.0,420.0,10.5
p_A_false,0.25,2010,v0_threshold,12,5,0,23,0.7058823529411765,1.0,0,5,5,0,0.025,0.225,-6.0,-0.15
p_A_false,0.25,2010,v0_expected_cost,11,5,1,23,0.6875,0.9166666666666666,0,5,5,0,0.0,0.05,-8.0,-0.2
p_A_false,0.25,2010,engagement_baseline,9,20,3,8,0.3103448275862069,0.75,0,10,7,10,0.0,0.0,290.0,7.25
p_A_false,0.25,2011,v0_threshold,18,2,0,20,0.9,1.0,0,1,1,1,0.025,0.125,-135.0,-3.375
p_A_false,0.25,2011,v0_expected_cost,16,2,2,20,0.8888888888888888,0.8888888888888888,0,1,1,1,0.0,0.05,-123.0,-3.075
p_A_false,0.25,2011,engagement_baseline,14,20,4,2,0.4117647058823529,0.7777777777777778,1,8,3,11,0.0,0.0,425.0,10.625
p_A_false,0.25,2012,v0_threshold,17,3,0,20,0.85,1.0,0,3,3,0,0.075,0.1,-91.0,-2.275
p_A_false,0.25,2012,v0_expected_cost,16,3,1,20,0.8421052631578947,0.9411764705882353,0,3,3,0,0.0,0.1,-96.0,-2.4
p_A_false,0.25,2012,engagement_baseline,15,20,2,3,0.42857142857142855,0.8823529411764706,2,9,6,9,0.0,0.0,585.0,14.625
p_A_false,0.25,2013,v0_threshold,16,2,1,21,0.8888888888888888,0.9411764705882353,0,2,2,0,0.05,0.225,-101.0,-2.525
p_A_false,0.25,2013,v0_expected_cost,16,1,1,22,0.9411764705882353,0.9411764705882353,0,1,1,0,0.0,0.1,-136.0,-3.4
p_A_false,0.25,2013,engagement_baseline,17,16,0,7,0.5151515151515151,1.0,1,7,4,8,0.0,0.0,290.0,7.25
p_A_false,0.25,2014,v0_threshold,17,3,0,20,0.85,1.0,0,2,2,1,0.1,0.125,-90.0,-2.25
p_A_false,0.25,2014,v0_expected_cost,14,3,3,20,0.8235294117647058,0.8235294117647058,0,2,2,1,0.0,0.15,-79.0,-1.975
p_A_false,0.25,2014,engagement_baseline,14,16,3,7,0.4666666666666667,0.8235294117647058,4,7,3,6,0.0,0.0,900.0,22.5
p_A_false,0.3,2000,v0_threshold,10,6,1,23,0.625,0.9090909090909091,1,4,4,1,0.05,0.075,218.0,5.45
p_A_false,0.3,2000,v0_expected_cost,10,5,1,24,0.6666666666666666,0.9090909090909091,0,4,4,1,0.0,0.175,2.0,0.05
p_A_false,0.3,2000,engagement_baseline,10,20,1,9,0.3333333333333333,0.9090909090909091,2,6,5,12,0.0,0.0,610.0,15.25
p_A_false,0.3,2001,v0_threshold,14,1,1,24,0.9333333333333333,0.9333333333333333,0,1,1,0,0.025,0.225,-106.0,-2.65
p_A_false,0.3,2001,v0_expected_cost,14,0,1,25,1.0,0.9333333333333333,0,0,0,0,0.0,0.125,-125.0,-3.125
p_A_false,0.3,2001,engagement_baseline,12,17,3,8,0.41379310344827586,0.8,0,5,4,12,0.0,0.0,190.0,4.75
p_A_false,0.3,2002,v0_threshold,14,1,0,25,0.9333333333333333,1.0,0,1,1,0,0.075,0.125,-100.0,-2.5
p_A_false,0.3,2002,v0_expected_cost,12,1,2,25,0.9230769230769231,0.8571428571428571,0,1,1,0,0.0,0.1,-96.0,-2.4
p_A_false,0.3,2002,engagement_baseline,11,19,3,7,0.36666666666666664,0.7857142857142857,3,6,3,10,0.0,0.0,790.0,19.75
p_A_false,0.3,2003,v0_threshold,18,3,0,19,0.8571428571428571,1.0,0,3,3,0,0.1,0.3,-88.0,-2.2
p_A_false,0.3,2003,v0_expected_cost,16,3,2,19,0.8421052631578947,0.8888888888888888,0,3,3,0,0.0,0.075,-97.0,-2.425
p_A_false,0.3,2003,engagement_baseline,17,16,1,6,0.5151515151515151,0.9444444444444444,3,13,4,1,0.0,0.0,695.0,17.375
p_A_false,0.3,2004,v0_threshold,15,2,0,23,0.8823529411764706,1.0,0,2,2,0,0.05,0.175,-93.0,-2.325
p_A_false,0.3,2004,v0_expected_cost,14,2,1,23,0.875,0.9333333333333333,0,2,2,0,0.0,0.05,-98.0,-2.45
p_A_false,0.3,2004,engagement_baseline,13,20,2,5,0.3939393939393939,0.8666666666666667,1,6,4,13,0.0,0.0,405.0,10.125
p_A_false,0.3,2005,v0_threshold,16,3,1,20,0.8421052631578947,0.9411764705882353,0,3,3,0,0.075,0.25,-75.0,-1.875
p_A_false,0.3,2005,v0_expected_cost,15,4,2,19,0.7894736842105263,0.8823529411764706,0,4,4,0,0.0,0.15,-64.0,-1.6
p_A_false,0.3,2005,engagement_baseline,12,14,5,9,0.46153846153846156,0.7058823529411765,1,9,5,4,0.0,0.0,370.0,9.25
p_A_false,0.3,2006,v0_threshold,10,3,0,27,0.7692307692307693,1.0,0,3,3,0,0.05,0.2,-22.0,-0.55
p_A_false,0.3,2006,v0_expected_cost,9,3,1,27,0.75,0.9,0,3,3,0,0.025,0.05,-23.0,-0.575
p_A_false,0.3,2006,engagement_baseline,10,22,0,8,0.3125,1.0,1,9,4,12,0.0,0.0,460.0,11.5
p_A_false,0.3,2007,v0_threshold,18,2,0,20,0.9,1.0,0,2,2,0,0.075,0.075,-122.0,-3.05
p_A_false,0.3,2007,v0_expected_cost,15,1,3,21,0.9375,0.8333333333333334,0,1,1,0,0.0,0.1,-126.0,-3.15
p_A_false,0.3,2007,engagement_baseline,16,14,2,8,0.5333333333333333,0.8888888888888888,2,3,2,9,0.0,0.0,455.0,11.375
p_A_false,0.3,2008,v0_threshold,13,0,2,25,1.0,0.8666666666666667,0,0,0,0,0.125,0.25,-95.0,-2.375
p_A_false,0.3,2008,v0_expected_cost,11,0,4,25,1.0,0.7333333333333333,0,0,0,0,0.0,0.125,-105.0,-2.625
p_A_false,0.3,2008,engagement_baseline,13,16,2,9,0.4482758620689655,0.8666666666666667,2,7,3,9,0.0,0.0,525.0,13.125
p_A_false,0.3,2009,v0_threshold,13,5,0,22,0.7222222222222222,1.0,0,5,5,0,0.05,0.275,-9.0,-0.225
p_A_false,0.3,2009,v0_expected_cost,13,5,0,22,0.7222222222222222,1.0,0,5,5,0,0.0,0.0,-30.0,-0.75
p_A_false,0.3,2009,engagement_baseline,8,17,5,10,0.32,0.6153846153846154,1,8,4,8,0.0,0.0,450.0,11.25
p_A_false,0.3,2010,v0_threshold,17,4,0,19,0.8095238095238095,1.0,0,4,4,0,0.0,0.225,-81.0,-2.025
p_A_false,0.3,2010,v0_expected_cost,16,4,1,19,0.8,0.9411764705882353,0,4,4,0,0.0,0.075,-77.0,-1.925
p_A_false,0.3,2010,engagement_baseline,13,13,4,10,0.5,0.7647058823529411,0,8,7,5,0.0,0.0,145.0,3.625
p_A_false,0.3,2011,v0_threshold,17,3,0,20,0.85,1.0,0,2,2,1,0.025,0.15,-104.0,-2.6
p_A_false,0.3,2011,v0_expected_cost,16,3,1,20,0.8421052631578947,0.9411764705882353,0,2,2,1,0.0,0.025,-104.0,-2.6
p_A_false,0.3,2011,engagement_baseline,15,14,2,9,0.5172413793103449,0.8823529411764706,0,5,2,9,0.0,0.0,105.0,2.625
p_A_false,0.3,2012,v0_threshold,16,2,0,22,0.8888888888888888,1.0,0,2,2,0,0.025,0.2,-107.0,-2.675
p_A_false,0.3,2012,v0_expected_cost,15,2,1,22,0.8823529411764706,0.9375,0,2,2,0,0.025,0.075,-102.0,-2.55
p_A_false,0.3,2012,engagement_baseline,12,19,4,5,0.3870967741935484,0.75,1,8,4,10,0.0,0.0,430.0,10.75
p_A_false,0.3,2013,v0_threshold,17,1,1,21,0.9444444444444444,0.9444444444444444,0,1,1,0,0.075,0.25,-125.0,-3.125
p_A_false,0.3,2013,v0_expected_cost,17,0,1,22,1.0,0.9444444444444444,0,0,0,0,0.025,0.1,-161.0,-4.025
p_A_false,0.3,2013,engagement_baseline,16,14,2,8,0.5333333333333333,0.8888888888888888,1,7,2,6,0.0,0.0,290.0,7.25
p_A_false,0.3,2014,v0_threshold,18,3,0,19,0.8571428571428571,1.0,0,2,2,1,0.075,0.125,-105.0,-2.625
p_A_false,0.3,2014,v0_expected_cost,16,3,2,19,0.8421052631578947,0.8888888888888888,0,2,2,1,0.0,0.1,-101.0,-2.525
p_A_false,0.3,2014,engagement_baseline,13,13,5,9,0.5,0.7222222222222222,3,6,3,5,0.0,0.0,695.0,17.375
p_A_false,0.4,2000,v0_threshold,10,4,1,25,0.7142857142857143,0.9090909090909091,1,3,3,0,0.05,0.125,185.0,4.625
p_A_false,0.4,2000,v0_expected_cost,10,3,1,26,0.7692307692307693,0.9090909090909091,0,3,3,0,0.025,0.125,-30.0,-0.75
p_A_false,0.4,2000,engagement_baseline,8,25,3,4,0.24242424242424243,0.7272727272727273,1,9,6,15,0.0,0.0,555.0,13.875
p_A_false,0.4,2001,v0_threshold,16,2,0,22,0.8888888888888888,1.0,0,2,2,0,0.025,0.175,-108.0,-2.7
p_A_false,0.4,2001,v0_expected_cost,15,1,1,23,0.9375,0.9375,0,1,1,0,0.0,0.125,-125.0,-3.125
p_A_false,0.4,2001,engagement_baseline,14,15,2,9,0.4827586206896552,0.875,0,7,5,8,0.0,0.0,140.0,3.5
p_A_false,0.4,2002,v0_threshold,11,4,2,23,0.7333333333333333,0.8461538461538461,0,4,4,0,0.075,0.225,-6.0,-0.15
p_A_false,0.4,2002,v0_expected_cost,11,4,2,23,0.7333333333333333,0.8461538461538461,0,4,4,0,0.0,0.1,-26.0,-0.65
p_A_false,0.4,2002,engagement_baseline,11,18,2,9,0.3793103448275862,0.8461538461538461,1,8,5,9,0.0,0.0,405.0,10.125
p_A_false,0.4,2003,v0_threshold,17,4,0,19,0.8095238095238095,1.0,0,4,4,0,0.075,0.3,-63.0,-1.575
p_A_false,0.4,2003,v0_expected_cost,16,4,1,19,0.8,0.9411764705882353,0,4,4,0,0.0,0.05,-78.0,-1.95
p_A_false,0.4,2003,engagement_baseline,16,16,1,7,0.5,0.9411764705882353,3,13,5,1,0.0,0.0,705.0,17.625
p_A_false,0.4,2004,v0_threshold,13,3,0,24,0.8125,1.0,0,3,3,0,0.05,0.125,-55.0,-1.375
p_A_false,0.4,2004,v0_expected_cost,12,3,1,24,0.8,0.9230769230769231,0,3,3,0,0.0,0.05,-58.0,-1.45
p_A_false,0.4,2004,engagement_baseline,11,20,2,7,0.3548387096774194,0.8461538461538461,1,6,4,13,0.0,0.0,425.0,10.625
p_A_false,0.4,2005,v0_threshold,11,4,2,23,0.7333333333333333,0.8461538461538461,0,4,4,0,0.075,0.25,-5.0,-0.125
p_A_false,0.4,2005,v0_expected_cost,10,5,3,22,0.6666666666666666,0.7692307692307693,0,5,5,0,0.0,0.2,8.0,0.2
p_A_false,0.4,2005,engagement_baseline,8,17,5,10,0.32,0.6153846153846154,1,6,5,10,0.0,0.0,440.0,11.0
p_A_false,0.4,2006,v0_threshold,13,5,0,22,0.7222222222222222,1.0,0,5,5,0,0.0,0.3,-18.0,-0.45
p_A_false,0.4,2006,v0_expected_cost,13,5,0,22,0.7222222222222222,1.0,0,5,5,0,0.0,0.025,-29.0,-0.725
p_A_false,0.4,2006,engagement_baseline,12,16,1,11,0.42857142857142855,0.9230769230769231,0,8,5,8,0.0,0.0,170.0,4.25
p_A_false,0.4,2007,v0_threshold,14,3,0,23,0.8235294117647058,1.0,0,3,3,0,0.05,0.225,-61.0,-1.525
p_A_false,0.4,2007,v0_expected_cost,13,3,1,23,0.8125,0.9285714285714286,0,3,3,0,0.0,0.1,-66.0,-1.65
p_A_false,0.4,2007,engagement_baseline,14,17,0,9,0.45161290322580644,1.0,1,5,3,11,0.0,0.0,325.0,8.125
p_A_false,0.4,2008,v0_threshold,11,2,2,25,0.8461538461538461,0.8461538461538461,0,1,1,1,0.125,0.275,-29.0,-0.725
p_A_false,0.4,2008,v0_expected_cost,7,2,6,25,0.7777777777777778,0.5384615384615384,0,1,1,1,0.0,0.2,-27.0,-0.675
p_A_false,0.4,2008,engagement_baseline,13,12,0,15,0.52,1.0,2,3,2,8,0.0,0.0,430.0,10.75
p_A_false,0.4,2009,v0_threshold,10,9,0,21,0.5263157894736842,1.0,0,9,9,0,0.05,0.275,101.0,2.525
p_A_false,0.4,2009,v0_expected_cost,10,9,0,21,0.5263157894736842,1.0,0,9,9,0,0.0,0.0,80.0,2.0
p_A_false,0.4,2009,engagement_baseline,6,19,4,11,0.24,0.6,1,11,8,7,0.0,0.0,505.0,12.625
p_A_false,0.4,2010,v0_threshold,15,4,0,21,0.7894736842105263,1.0,0,4,4,0,0.0,0.25,-60.0,-1.5
p_A_false,0.4,2010,v0_expected_cost,14,4,1,21,0.7777777777777778,0.9333333333333333,0,4,4,0,0.0,0.075,-57.0,-1.425
p_A_false,0.4,2010,engagement_baseline,11,14,4,11,0.44,0.7333333333333333,0,9,7,5,0.0,0.0,185.0,4.625
p_A_false,0.4,2011,v0_threshold,15,5,0,20,0.75,1.0,1,4,4,1,0.025,0.225,139.0,3.475
p_A_false,0.4,2011,v0_expected_cost,14,4,1,21,0.7777777777777778,0.9333333333333333,0,3,3,1,0.0,0.05,-63.0,-1.575
p_A_false,0.4,2011,engagement_baseline,12,15,3,10,0.4444444444444444,0.8,1,7,3,8,0.0,0.0,350.0,8.75
p_A_false,0.4,2012,v0_threshold,17,2,0,21,0.8947368421052632,1.0,0,2,2,0,0.025,0.175,-118.0,-2.95
p_A_false,0.4,2012,v0_expected_cost,16,2,1,21,0.8888888888888888,0.9411764705882353,0,2,2,0,0.025,0.075,-112.0,-2.8
p_A_false,0.4,2012,engagement_baseline,13,18,4,5,0.41935483870967744,0.7647058823529411,1,8,5,9,0.0,0.0,405.0,10.125
p_A_false,0.4,2013,v0_threshold,12,4,0,24,0.75,1.0,0,4,4,0,0.125,0.125,-10.0,-0.25
p_A_false,0.4,2013,v0_expected_cost,12,4,0,24,0.75,1.0,0,4,4,0,0.025,0.025,-34.0,-0.85
p_A_false,0.4,2013,engagement_baseline,9,18,3,10,0.3333333333333333,0.75,3,11,8,6,0.0,0.0,810.0,20.25
p_A_false,0.4,2014,v0_threshold,14,3,0,23,0.8235294117647058,1.0,0,3,3,0,0.05,0.175,-63.0,-1.575
p_A_false,0.4,2014,v0_expected_cost,12,3,2,23,0.8,0.8571428571428571,0,3,3,0,0.0,0.1,-56.0,-1.4
p_A_false,0.4,2014,engagement_baseline,10,17,4,9,0.37037037037037035,0.7142857142857143,2,5,4,11,0.0,0.0,585.0,14.625
sign_unsafe,50.0,2000,v0_threshold,13,5,1,21,0.7222222222222222,0.9285714285714286,1,3,3,1,0.025,0.075,13.0,0.325
sign_unsafe,50.0,2000,v0_expected_cost,13,6,1,20,0.6842105263157895,0.9285714285714286,1,3,3,2,0.0,0.125,15.0,0.375
sign_unsafe,50.0,2000,engagement_baseline,11,20,3,6,0.3548387096774194,0.7857142857142857,1,5,3,14,0.0,0.0,280.0,7.0
sign_unsafe,50.0,2001,v0_threshold,16,1,1,22,0.9411764705882353,0.9411764705882353,0,1,1,0,0.0,0.2,-132.0,-3.3
sign_unsafe,50.0,2001,v0_expected_cost,16,1,1,22,0.9411764705882353,0.9411764705882353,0,1,1,0,0.0,0.075,-127.0,-3.175
sign_unsafe,50.0,2001,engagement_baseline,13,16,4,7,0.4482758620689655,0.7647058823529411,0,4,3,12,0.0,0.0,170.0,4.25
sign_unsafe,50.0,2002,v0_threshold,11,1,0,28,0.9166666666666666,1.0,0,1,1,0,0.05,0.15,-74.0,-1.85
sign_unsafe,50.0,2002,v0_expected_cost,11,1,0,28,0.9166666666666666,1.0,0,1,1,0,0.0,0.075,-87.0,-2.175
sign_unsafe,50.0,2002,engagement_baseline,8,20,3,9,0.2857142857142857,0.7272727272727273,2,6,2,12,0.0,0.0,350.0,8.75
sign_unsafe,50.0,2003,v0_threshold,17,1,0,22,0.9444444444444444,1.0,0,1,1,0,0.025,0.125,-140.0,-3.5
sign_unsafe,50.0,2003,v0_expected_cost,17,2,0,21,0.8947368421052632,1.0,0,1,1,1,0.0,0.075,-132.0,-3.3
sign_unsafe,50.0,2003,engagement_baseline,17,18,0,5,0.4857142857142857,1.0,1,4,3,13,0.0,0.0,155.0,3.875
sign_unsafe,50.0,2004,v0_threshold,16,2,0,22,0.8888888888888888,1.0,0,2,2,0,0.05,0.175,-103.0,-2.575
sign_unsafe,50.0,2004,v0_expected_cost,16,2,0,22,0.8888888888888888,1.0,0,2,2,0,0.0,0.025,-119.0,-2.975
sign_unsafe,50.0,2004,engagement_baseline,14,20,2,4,0.4117647058823529,0.875,1,7,4,12,0.0,0.0,250.0,6.25
sign_unsafe,50.0,2005,v0_threshold,16,0,1,23,1.0,0.9411764705882353,0,0,0,0,0.05,0.225,-141.0,-3.525
sign_unsafe,50.0,2005,v0_expected_cost,16,1,1,22,0.9411764705882353,0.9411764705882353,0,1,1,0,0.0,0.075,-137.0,-3.425
sign_unsafe,50.0,2005,engagement_baseline,14,20,3,3,0.4117647058823529,0.8235294117647058,0,10,4,10,0.0,0.0,240.0,6.0
sign_unsafe,50.0,2006,v0_threshold,18,2,0,20,0.9,1.0,0,2,2,0,0.075,0.1,-121.0,-3.025
sign_unsafe,50.0,2006,v0_expected_cost,18,2,0,20,0.9,1.0,0,2,2,0,0.025,0.0,-135.0,-3.375
sign_unsafe,50.0,2006,engagement_baseline,16,17,2,5,0.48484848484848486,0.8888888888888888,2,5,2,11,0.0,0.0,205.0,5.125
sign_unsafe,50.0,2007,v0_threshold,18,2,0,20,0.9,1.0,0,2,2,0,0.075,0.075,-122.0,-3.05
sign_unsafe,50.0,2007,v0_expected_cost,18,2,0,20,0.9,1.0,0,2,2,0,0.0,0.0,-140.0,-3.5
sign_unsafe,50.0,2007,engagement_baseline,16,14,2,8,0.5333333333333333,0.8888888888888888,2,3,2,9,0.0,0.0,155.0,3.875
sign_unsafe,50.0,2008,v0_threshold,15,1,0,24,0.9375,1.0,0,1,1,0,0.1,0.275,-99.0,-2.475
sign_unsafe,50.0,2008,v0_expected_cost,15,1,0,24,0.9375,1.0,0,1,1,0,0.0,0.1,-126.0,-3.15
sign_unsafe,50.0,2008,engagement_baseline,12,11,3,14,0.5217391304347826,0.8,3,3,3,6,0.0,0.0,190.0,4.75
sign_unsafe,50.0,2009,v0_threshold,12,1,0,27,0.9230769230769231,1.0,0,1,1,0,0.05,0.3,-78.0,-1.95
sign_unsafe,50.0,2009,v0_expected_cost,12,1,0,27,0.9230769230769231,1.0,0,1,1,0,0.025,0.075,-92.0,-2.3
sign_unsafe,50.0,2009,engagement_baseline,10,19,2,9,0.3448275862068966,0.8333333333333334,1,6,2,12,0.0,0.0,270.0,6.75
sign_unsafe,50.0,2010,v0_threshold,12,5,0,23,0.7058823529411765,1.0,0,5,5,0,0.025,0.225,-6.0,-0.15
sign_unsafe,50.0,2010,v0_expected_cost,12,5,0,23,0.7058823529411765,1.0,0,5,5,0,0.0,0.025,-19.0,-0.475
sign_unsafe,50.0,2010,engagement_baseline,9,20,3,8,0.3103448275862069,0.75,0,10,7,10,0.0,0.0,290.0,7.25
sign_unsafe,50.0,2011,v0_threshold,18,2,0,20,0.9,1.0,0,1,1,1,0.025,0.125,-135.0,-3.375
sign_unsafe,50.0,2011,v0_expected_cost,18,2,0,20,0.9,1.0,0,1,1,1,0.0,0.0,-145.0,-3.625
sign_unsafe,50.0,2011,engagement_baseline,14,20,4,2,0.4117647058823529,0.7777777777777778,1,8,3,11,0.0,0.0,275.0,6.875
sign_unsafe,50.0,2012,v0_threshold,17,3,0,20,0.85,1.0,0,3,3,0,0.075,0.1,-91.0,-2.275
sign_unsafe,50.0,2012,v0_expected_cost,17,3,0,20,0.85,1.0,0,3,3,0,0.0,0.075,-107.0,-2.675
sign_unsafe,50.0,2012,engagement_baseline,15,20,2,3,0.42857142857142855,0.8823529411764706,2,9,6,9,0.0,0.0,285.0,7.125
sign_unsafe,50.0,2013,v0_threshold,16,2,1,21,0.8888888888888888,0.9411764705882353,0,2,2,0,0.05,0.225,-101.0,-2.525
sign_unsafe,50.0,2013,v0_expected_cost,16,2,1,21,0.8888888888888888,0.9411764705882353,0,2,2,0,0.0,0.075,-117.0,-2.925
sign_unsafe,50.0,2013,engagement_baseline,17,16,0,7,0.5151515151515151,1.0,1,7,4,8,0.0,0.0,140.0,3.5
sign_unsafe,50.0,2014,v0_threshold,17,3,0,20,0.85,1.0,0,2,2,1,0.1,0.125,-90.0,-2.25
sign_unsafe,50.0,2014,v0_expected_cost,17,3,0,20,0.85,1.0,0,2,2,1,0.0,0.075,-112.0,-2.8
sign_unsafe,50.0,2014,engagement_baseline,14,16,3,7,0.4666666666666667,0.8235294117647058,4,7,3,6,0.0,0.0,300.0,7.5
sign_unsafe,100.0,2000,v0_threshold,13,5,1,21,0.7222222222222222,0.9285714285714286,1,3,3,1,0.025,0.075,63.0,1.575
sign_unsafe,100.0,2000,v0_expected_cost,13,5,1,21,0.7222222222222222,0.9285714285714286,0,3,3,2,0.0,0.15,-34.0,-0.85
sign_unsafe,100.0,2000,engagement_baseline,11,20,3,6,0.3548387096774194,0.7857142857142857,1,5,3,14,0.0,0.0,330.0,8.25
sign_unsafe,100.0,2001,v0_threshold,16,1,1,22,0.9411764705882353,0.9411764705882353,0,1,1,0,0.0,0.2,-132.0,-3.3
sign_unsafe,100.0,2001,v0_expected_cost,16,1,1,22,0.9411764705882353,0.9411764705882353,0,1,1,0,0.0,0.075,-127.0,-3.175
sign_unsafe,100.0,2001,engagement_baseline,13,16,4,7,0.4482758620689655,0.7647058823529411,0,4,3,12,0.0,0.0,170.0,4.25
sign_unsafe,100.0,2002,v0_threshold,11,1,0,28,0.9166666666666666,1.0,0,1,1,0,0.05,0.15,-74.0,-1.85
sign_unsafe,100.0,2002,v0_expected_cost,10,1,1,28,0.9090909090909091,0.9090909090909091,0,1,1,0,0.0,0.1,-76.0,-1.9
sign_unsafe,100.0,2002,engagement_baseline,8,20,3,9,0.2857142857142857,0.7272727272727273,2,6,2,12,0.0,0.0,450.0,11.25
sign_unsafe,100.0,2003,v0_threshold,17,1,0,22,0.9444444444444444,1.0,0,1,1,0,0.025,0.125,-140.0,-3.5
sign_unsafe,100.0,2003,v0_expected_cost,17,2,0,21,0.8947368421052632,1.0,0,1,1,1,0.0,0.075,-132.0,-3.3
sign_unsafe,100.0,2003,engagement_baseline,17,18,0,5,0.4857142857142857,1.0,1,4,3,13,0.0,0.0,205.0,5.125
sign_unsafe,100.0,2004,v0_threshold,16,2,0,22,0.8888888888888888,1.0,0,2,2,0,0.05,0.175,-103.0,-2.575
sign_unsafe,100.0,2004,v0_expected_cost,15,2,1,22,0.8823529411764706,0.9375,0,2,2,0,0.0,0.05,-108.0,-2.7
sign_unsafe,100.0,2004,engagement_baseline,14,20,2,4,0.4117647058823529,0.875,1,7,4,12,0.0,0.0,300.0,7.5
sign_unsafe,100.0,2005,v0_threshold,16,0,1,23,1.0,0.9411764705882353,0,0,0,0,0.05,0.225,-141.0,-3.525
sign_unsafe,100.0,2005,v0_expected_cost,16,1,1,22,0.9411764705882353,0.9411764705882353,0,1,1,0,0.0,0.075,-137.0,-3.425
sign_unsafe,100.0,2005,engagement_baseline,14,20,3,3,0.4117647058823529,0.8235294117647058,0,10,4,10,0.0,0.0,240.0,6.0
sign_unsafe,100.0,2006,v0_threshold,18,2,0,20,0.9,1.0,0,2,2,0,0.075,0.1,-121.0,-3.025
sign_unsafe,100.0,2006,v0_expected_cost,18,2,0,20,0.9,1.0,0,2,2,0,0.025,0.0,-135.0,-3.375
sign_unsafe,100.0,2006,engagement_baseline,16,17,2,5,0.48484848484848486,0.8888888888888888,2,5,2,11,0.0,0.0,305.0,7.625
sign_unsafe,100.0,2007,v0_threshold,18,2,0,20,0.9,1.0,0,2,2,0,0.075,0.075,-122.0,-3.05
sign_unsafe,100.0,2007,v0_expected_cost,18,2,0,20,0.9,1.0,0,2,2,0,0.0,0.0,-140.0,-3.5
sign_unsafe,100.0,2007,engagement_baseline,16,14,2,8,0.5333333333333333,0.8888888888888888,2,3,2,9,0.0,0.0,255.0,6.375
sign_unsafe,100.0,2008,v0_threshold,15,1,0,24,0.9375,1.0,0,1,1,0,0.1,0.275,-99.0,-2.475
sign_unsafe,100.0,2008,v0_expected_cost,15,1,0,24,0.9375,1.0,0,1,1,0,0.0,0.1,-126.0,-3.15
sign_unsafe,100.0,2008,engagement_baseline,12,11,3,14,0.5217391304347826,0.8,3,3,3,6,0.0,0.0,340.0,8.5
sign_unsafe,100.0,2009,v0_threshold,12,1,0,27,0.9230769230769231,1.0,0,1,1,0,0.05,0.3,-78.0,-1.95
sign_unsafe,100.0,2009,v0_expected_cost,12,1,0,27,0.9230769230769231,1.0,0,1,1,0,0.025,0.075,-92.0,-2.3
sign_unsafe,100.0,2009,engagement_baseline,10,19,2,9,0.3448275862068966,0.8333333333333334,1,6,2,12,0.0,0.0,320.0,8.0
sign_unsafe,100.0,2010,v0_threshold,12,5,0,23,0.7058823529411765,1.0,0,5,5,0,0.025,0.225,-6.0,-0.15
sign_unsafe,100.0,2010,v0_expected_cost,12,5,0,23,0.7058823529411765,1.0,0,5,5,0,0.0,0.025,-19.0,-0.475
sign_unsafe,100.0,2010,engagement_baseline,9,20,3,8,0.3103448275862069,0.75,0,10,7,10,0.0,0.0,290.0,7.25
sign_unsafe,100.0,2011,v0_threshold,18,2,0,20,0.9,1.0,0,1,1,1,0.025,0.125,-135.0,-3.375
sign_unsafe,100.0,2011,v0_expected_cost,18,2,0,20,0.9,1.0,0,1,1,1,0.0,0.0,-145.0,-3.625
sign_unsafe,100.0,2011,engagement_baseline,14,20,4,2,0.4117647058823529,0.7777777777777778,1,8,3,11,0.0,0.0,325.0,8.125
sign_unsafe,100.0,2012,v0_threshold,17,3,0,20,0.85,1.0,0,3,3,0,0.075,0.1,-91.0,-2.275
sign_unsafe,100.0,2012,v0_expected_cost,16,3,1,20,0.8421052631578947,0.9411764705882353,0,3,3,0,0.0,0.1,-96.0,-2.4
sign_unsafe,100.0,2012,engagement_baseline,15,20,2,3,0.42857142857142855,0.8823529411764706,2,9,6,9,0.0,0.0,385.0,9.625
sign_unsafe,100.0,2013,v0_threshold,16,2,1,21,0.8888888888888888,0.9411764705882353,0,2,2,0,0.05,0.225,-101.0,-2.525
sign_unsafe,100.0,2013,v0_expected_cost,16,2,1,21,0.8888888888888888,0.9411764705882353,0,2,2,0,0.0,0.075,-117.0,-2.925
sign_unsafe,100.0,2013,engagement_baseline,17,16,0,7,0.5151515151515151,1.0,1,7,4,8,0.0,0.0,190.0,4.75
sign_unsafe,100.0,2014,v0_threshold,17,3,0,20,0.85,1.0,0,2,2,1,0.1,0.125,-90.0,-2.25
sign_unsafe,100.0,2014,v0_expected_cost,16,3,1,20,0.8421052631578947,0.9411764705882353,0,2,2,1,0.0,0.1,-101.0,-2.525
sign_unsafe,100.0,2014,engagement_baseline,14,16,3,7,0.4666666666666667,0.8235294117647058,4,7,3,6,0.0,0.0,500.0,12.5
sign_unsafe,200.0,2000,v0_threshold,13,5,1,21,0.7222222222222222,0.9285714285714286,1,3,3,1,0.025,0.075,163.0,4.075
sign_unsafe,200.0,2000,v0_expected_cost,13,4,1,22,0.7647058823529411,0.9285714285714286,0,3,3,1,0.0,0.175,-48.0,-1.2
sign_unsafe,200.0,2000,engagement_baseline,11,20,3,6,0.3548387096774194,0.7857142857142857,1,5,3,14,0.0,0.0,430.0,10.75
sign_unsafe,200.0,2001,v0_threshold,16,1,1,22,0.9411764705882353,0.9411764705882353,0,1,1,0,0.0,0.2,-132.0,-3.3
sign_unsafe,200.0,2001,v0_expected_cost,16,0,1,23,1.0,0.9411764705882353,0,0,0,0,0.0,0.1,-146.0,-3.65
sign_unsafe,200.0,2001,engagement_baseline,13,16,4,7,0.4482758620689655,0.7647058823529411,0,4,3,12,0.0,0.0,170.0,4.25
sign_unsafe,200.0,2002,v0_threshold,11,1,0,28,0.9166666666666666,1.0,0,1,1,0,0.05,0.15,-74.0,-1.85
sign_unsafe,200.0,2002,v0_expected_cost,9,1,2,28,0.9,0.8181818181818182,0,1,1,0,0.0,0.125,-65.0,-1.625
sign_unsafe,200.0,2002,engagement_baseline,8,20,3,9,0.2857142857142857,0.7272727272727273,2,6,2,12,0.0,0.0,650.0,16.25
sign_unsafe,200.0,2003,v0_threshold,17,1,0,22,0.9444444444444444,1.0,0,1,1,0,0.025,0.125,-140.0,-3.5
sign_unsafe,200.0,2003,v0_expected_cost,17,1,0,22,0.9444444444444444,1.0,0,1,1,0,0.0,0.1,-146.0,-3.65
sign_unsafe,200.0,2003,engagement_baseline,17,18,0,5,0.4857142857142857,1.0,1,4,3,13,0.0,0.0,305.0,7.625
sign_unsafe,200.0,2004,v0_threshold,16,2,0,22,0.8888888888888888,1.0,0,2,2,0,0.05,0.175,-103.0,-2.575
sign_unsafe,200.0,2004,v0_expected_cost,15,2,1,22,0.8823529411764706,0.9375,0,2,2,0,0.0,0.05,-108.0,-2.7
sign_unsafe,200.0,2004,engagement_baseline,14,20,2,4,0.4117647058823529,0.875,1,7,4,12,0.0,0.0,400.0,10.0
sign_unsafe,200.0,2005,v0_threshold,16,0,1,23,1.0,0.9411764705882353,0,0,0,0,0.05,0.225,-141.0,-3.525
sign_unsafe,200.0,2005,v0_expected_cost,16,1,1,22,0.9411764705882353,0.9411764705882353,0,1,1,0,0.0,0.075,-137.0,-3.425
sign_unsafe,200.0,2005,engagement_baseline,14,20,3,3,0.4117647058823529,0.8235294117647058,0,10,4,10,0.0,0.0,240.0,6.0
sign_unsafe,200.0,2006,v0_threshold,18,2,0,20,0.9,1.0,0,2,2,0,0.075,0.1,-121.0,-3.025
sign_unsafe,200.0,2006,v0_expected_cost,18,2,0,20,0.9,1.0,0,2,2,0,0.025,0.0,-135.0,-3.375
sign_unsafe,200.0,2006,engagement_baseline,16,17,2,5,0.48484848484848486,0.8888888888888888,2,5,2,11,0.0,0.0,505.0,12.625
sign_unsafe,200.0,2007,v0_threshold,18,2,0,20,0.9,1.0,0,2,2,0,0.075,0.075,-122.0,-3.05
sign_unsafe,200.0,2007,v0_expected_cost,15,1,3,21,0.9375,0.8333333333333334,0,1,1,0,0.0,0.1,-126.0,-3.15
sign_unsafe,200.0,2007,engagement_baseline,16,14,2,8,0.5333333333333333,0.8888888888888888,2,3,2,9,0.0,0.0,455.0,11.375
sign_unsafe,200.0,2008,v0_threshold,15,1,0,24,0.9375,1.0,0,1,1,0,0.1,0.275,-99.0,-2.475
sign_unsafe,200.0,2008,v0_expected_cost,12,1,3,24,0.9230769230769231,0.8,0,1,1,0,0.0,0.175,-93.0,-2.325
sign_unsafe,200.0,2008,engagement_baseline,12,11,3,14,0.5217391304347826,0.8,3,3,3,6,0.0,0.0,640.0,16.0
sign_unsafe,200.0,2009,v0_threshold,12,1,0,27,0.9230769230769231,1.0,0,1,1,0,0.05,0.3,-78.0,-1.95
sign_unsafe,200.0,2009,v0_expected_cost,12,1,0,27,0.9230769230769231,1.0,0,1,1,0,0.025,0.075,-92.0,-2.3
sign_unsafe,200.0,2009,engagement_baseline,10,19,2,9,0.3448275862068966,0.8333333333333334,1,6,2,12,0.0,0.0,420.0,10.5
sign_unsafe,200.0,2010,v0_threshold,12,5,0,23,0.7058823529411765,1.0,0,5,5,0,0.025,0.225,-6.0,-0.15
sign_unsafe,200.0,2010,v0_expected_cost,11,5,1,23,0.6875,0.9166666666666666,0,5,5,0,0.0,0.05,-8.0,-0.2
sign_unsafe,200.0,2010,engagement_baseline,9,20,3,8,0.3103448275862069,0.75,0,10,7,10,0.0,0.0,290.0,7.25
sign_unsafe,200.0,2011,v0_threshold,18,2,0,20,0.9,1.0,0,1,1,1,0.025,0.125,-135.0,-3.375
sign_unsafe,200.0,2011,v0_expected_cost,16,2,2,20,0.8888888888888888,0.8888888888888888,0,1,1,1,0.0,0.05,-123.0,-3.075
sign_unsafe,200.0,2011,engagement_baseline,14,20,4,2,0.4117647058823529,0.7777777777777778,1,8,3,11,0.0,0.0,425.0,10.625
sign_unsafe,200.0,2012,v0_threshold,17,3,0,20,0.85,1.0,0,3,3,0,0.075,0.1,-91.0,-2.275
sign_unsafe,200.0,2012,v0_expected_cost,16,3,1,20,0.8421052631578947,0.9411764705882353,0,3,3,0,0.0,0.1,-96.0,-2.4
sign_unsafe,200.0,2012,engagement_baseline,15,20,2,3,0.42857142857142855,0.8823529411764706,2,9,6,9,0.0,0.0,585.0,14.625
sign_unsafe,200.0,2013,v0_threshold,16,2,1,21,0.8888888888888888,0.9411764705882353,0,2,2,0,0.05,0.225,-101.0,-2.525
sign_unsafe,200.0,2013,v0_expected_cost,16,1,1,22,0.9411764705882353,0.9411764705882353,0,1,1,0,0.0,0.1,-136.0,-3.4
sign_unsafe,200.0,2013,engagement_baseline,17,16,0,7,0.5151515151515151,1.0,1,7,4,8,0.0,0.0,290.0,7.25
sign_unsafe,200.0,2014,v0_threshold,17,3,0,20,0.85,1.0,0,2,2,1,0.1,0.125,-90.0,-2.25
sign_unsafe,200.0,2014,v0_expected_cost,14,3,3,20,0.8235294117647058,0.8235294117647058,0,2,2,1,0.0,0.15,-79.0,-1.975
sign_unsafe,200.0,2014,engagement_baseline,14,16,3,7,0.4666666666666667,0.8235294117647058,4,7,3,6,0.0,0.0,900.0,22.5
sign_unsafe,350.0,2000,v0_threshold,13,5,1,21,0.7222222222222222,0.9285714285714286,1,3,3,1,0.025,0.075,313.0,7.825
sign_unsafe,350.0,2000,v0_expected_cost,13,4,1,22,0.7647058823529411,0.9285714285714286,0,3,3,1,0.0,0.175,-48.0,-1.2
sign_unsafe,350.0,2000,engagement_baseline,11,20,3,6,0.3548387096774194,0.7857142857142857,1,5,3,14,0.0,0.0,580.0,14.5
sign_unsafe,350.0,2001,v0_threshold,16,1,1,22,0.9411764705882353,0.9411764705882353,0,1,1,0,0.0,0.2,-132.0,-3.3
sign_unsafe,350.0,2001,v0_expected_cost,16,0,1,23,1.0,0.9411764705882353,0,0,0,0,0.0,0.1,-146.0,-3.65
sign_unsafe,350.0,2001,engagement_baseline,13,16,4,7,0.4482758620689655,0.7647058823529411,0,4,3,12,0.0,0.0,170.0,4.25
sign_unsafe,350.0,2002,v0_threshold,11,1,0,28,0.9166666666666666,1.0,0,1,1,0,0.05,0.15,-74.0,-1.85
sign_unsafe,350.0,2002,v0_expected_cost,9,1,2,28,0.9,0.8181818181818182,0,1,1,0,0.0,0.125,-65.0,-1.625
sign_unsafe,350.0,2002,engagement_baseline,8,20,3,9,0.2857142857142857,0.7272727272727273,2,6,2,12,0.0,0.0,950.0,23.75
sign_unsafe,350.0,2003,v0_threshold,17,1,0,22,0.9444444444444444,1.0,0,1,1,0,0.025,0.125,-140.0,-3.5
sign_unsafe,350.0,2003,v0_expected_cost,17,1,0,22,0.9444444444444444,1.0,0,1,1,0,0.0,0.1,-146.0,-3.65
sign_unsafe,350.0,2003,engagement_baseline,17,18,0,5,0.4857142857142857,1.0,1,4,3,13,0.0,0.0,455.0,11.375
sign_unsafe,350.0,2004,v0_threshold,16,2,0,22,0.8888888888888888,1.0,0,2,2,0,0.05,0.175,-103.0,-2.575
sign_unsafe,350.0,2004,v0_expected_cost,15,2,1,22,0.8823529411764706,0.9375,0,2,2,0,0.0,0.05,-108.0,-2.7
sign_unsafe,350.0,2004,engagement_baseline,14,20,2,4,0.4117647058823529,0.875,1,7,4,12,0.0,0.0,550.0,13.75
sign_unsafe,350.0,2005,v0_threshold,16,0,1,23,1.0,0.9411764705882353,0,0,0,0,0.05,0.225,-141.0,-3.525
sign_unsafe,350.0,2005,v0_expected_cost,15,1,2,22,0.9375,0.8823529411764706,0,1,1,0,0.0,0.1,-126.0,-3.15
sign_unsafe,350.0,2005,engagement_baseline,14,20,3,3,0.4117647058823529,0.8235294117647058,0,10,4,10,0.0,0.0,240.0,6.0
sign_unsafe,350.0,2006,v0_threshold,18,2,0,20,0.9,1.0,0,2,2,0,0.075,0.1,-121.0,-3.025
sign_unsafe,350.0,2006,v0_expected_cost,17,1,1,21,0.9444444444444444,0.9444444444444444,0,1,1,0,0.025,0.05,-143.0,-3.575
sign_unsafe,350.0,2006,engagement_baseline,16,17,2,5,0.48484848484848486,0.8888888888888888,2,5,2,11,0.0,0.0,805.0,20.125
sign_unsafe,350.0,2007,v0_threshold,18,2,0,20,0.9,1.0,0,2,2,0,0.075,0.075,-122.0,-3.05
sign_unsafe,350.0,2007,v0_expected_cost,14,1,4,21,0.9333333333333333,0.7777777777777778,0,1,1,0,0.0,0.125,-115.0,-2.875
sign_unsafe,350.0,2007,engagement_baseline,16,14,2,8,0.5333333333333333,0.8888888888888888,2,3,2,9,0.0,0.0,755.0,18.875
sign_unsafe,350.0,2008,v0_threshold,15,1,0,24,0.9375,1.0,0,1,1,0,0.1,0.275,-99.0,-2.475
sign_unsafe,350.0,2008,v0_expected_cost,11,1,4,24,0.9166666666666666,0.7333333333333333,0,1,1,0,0.0,0.2,-82.0,-2.05
sign_unsafe,350.0,2008,engagement_baseline,12,11,3,14,0.5217391304347826,0.8,3,3,3,6,0.0,0.0,1090.0,27.25
sign_unsafe,350.0,2009,v0_threshold,12,1,0,27,0.9230769230769231,1.0,0,1,1,0,0.05,0.3,-78.0,-1.95
sign_unsafe,350.0,2009,v0_expected_cost,12,1,0,27,0.9230769230769231,1.0,0,1,1,0,0.025,0.075,-92.0,-2.3
sign_unsafe,350.0,2009,engagement_baseline,10,19,2,9,0.3448275862068966,0.8333333333333334,1,6,2,12,0.0,0.0,570.0,14.25
sign_unsafe,350.0,2010,v0_threshold,12,5,0,23,0.7058823529411765,1.0,0,5,5,0,0.025,0.225,-6.0,-0.15
sign_unsafe,350.0,2010,v0_expected_cost,10,5,2,23,0.6666666666666666,0.8333333333333334,0,5,5,0,0.0,0.075,3.0,0.075
sign_unsafe,350.0,2010,engagement_baseline,9,20,3,8,0.3103448275862069,0.75,0,10,7,10,0.0,0.0,290.0,7.25
sign_unsafe,350.0,2011,v0_threshold,18,2,0,20,0.9,1.0,0,1,1,1,0.025,0.125,-135.0,-3.375
sign_unsafe,350.0,2011,v0_expected_cost,14,2,4,20,0.875,0.7777777777777778,0,1,1,1,0.0,0.1,-101.0,-2.525
sign_unsafe,350.0,2011,engagement_baseline,14,20,4,2,0.4117647058823529,0.7777777777777778,1,8,3,11,0.0,0.0,575.0,14.375
sign_unsafe,350.0,2012,v0_threshold,17,3,0,20,0.85,1.0,0,3,3,0,0.075,0.1,-91.0,-2.275
sign_unsafe,350.0,2012,v0_expected_cost,16,3,1,20,0.8421052631578947,0.9411764705882353,0,3,3,0,0.0,0.1,-96.0,-2.4
sign_unsafe,350.0,2012,engagement_baseline,15,20,2,3,0.42857142857142855,0.8823529411764706,2,9,6,9,0.0,0.0,885.0,22.125
sign_unsafe,350.0,2013,v0_threshold,16,2,1,21,0.8888888888888888,0.9411764705882353,0,2,2,0,0.05,0.225,-101.0,-2.525
sign_unsafe,350.0,2013,v0_expected_cost,14,1,3,22,0.9333333333333333,0.8235294117647058,0,1,1,0,0.0,0.15,-114.0,-2.85
sign_unsafe,350.0,2013,engagement_baseline,17,16,0,7,0.5151515151515151,1.0,1,7,4,8,0.0,0.0,440.0,11.0
sign_unsafe,350.0,2014,v0_threshold,17,3,0,20,0.85,1.0,0,2,2,1,0.1,0.125,-90.0,-2.25
sign_unsafe,350.0,2014,v0_expected_cost,14,3,3,20,0.8235294117647058,0.8235294117647058,0,2,2,1,0.0,0.15,-79.0,-1.975
sign_unsafe,350.0,2014,engagement_baseline,14,16,3,7,0.4666666666666667,0.8235294117647058,4,7,3,6,0.0,0.0,1500.0,37.5
sign_unsafe,500.0,2000,v0_threshold,13,5,1,21,0.7222222222222222,0.9285714285714286,1,3,3,1,0.025,0.075,463.0,11.575
sign_unsafe,500.0,2000,v0_expected_cost,13,3,1,23,0.8125,0.9285714285714286,0,2,2,1,0.0,0.2,-67.0,-1.675
sign_unsafe,500.0,2000,engagement_baseline,11,20,3,6,0.3548387096774194,0.7857142857142857,1,5,3,14,0.0,0.0,730.0,18.25
sign_unsafe,500.0,2001,v0_threshold,16,1,1,22,0.9411764705882353,0.9411764705882353,0,1,1,0,0.0,0.2,-132.0,-3.3
sign_unsafe,500.0,2001,v0_expected_cost,16,0,1,23,1.0,0.9411764705882353,0,0,0,0,0.0,0.1,-146.0,-3.65
sign_unsafe,500.0,2001,engagement_baseline,13,16,4,7,0.4482758620689655,0.7647058823529411,0,4,3,12,0.0,0.0,170.0,4.25
sign_unsafe,500.0,2002,v0_threshold,11,1,0,28,0.9166666666666666,1.0,0,1,1,0,0.05,0.15,-74.0,-1.85
sign_unsafe,500.0,2002,v0_expected_cost,9,1,2,28,0.9,0.8181818181818182,0,1,1,0,0.0,0.125,-65.0,-1.625
sign_unsafe,500.0,2002,engagement_baseline,8,20,3,9,0.2857142857142857,0.7272727272727273,2,6,2,12,0.0,0.0,1250.0,31.25
sign_unsafe,500.0,2003,v0_threshold,17,1,0,22,0.9444444444444444,1.0,0,1,1,0,0.025,0.125,-140.0,-3.5
sign_unsafe,500.0,2003,v0_expected_cost,17,1,0,22,0.9444444444444444,1.0,0,1,1,0,0.0,0.1,-146.0,-3.65
sign_unsafe,500.0,2003,engagement_baseline,17,18,0,5,0.4857142857142857,1.0,1,4,3,13,0.0,0.0,605.0,15.125
sign_unsafe,500.0,2004,v0_threshold,16,2,0,22,0.8888888888888888,1.0,0,2,2,0,0.05,0.175,-103.0,-2.575
sign_unsafe,500.0,2004,v0_expected_cost,14,2,2,22,0.875,0.875,0,2,2,0,0.0,0.075,-97.0,-2.425
sign_unsafe,500.0,2004,engagement_baseline,14,20,2,4,0.4117647058823529,0.875,1,7,4,12,0.0,0.0,700.0,17.5
sign_unsafe,500.0,2005,v0_threshold,16,0,1,23,1.0,0.9411764705882353,0,0,0,0,0.05,0.225,-141.0,-3.525
sign_unsafe,500.0,2005,v0_expected_cost,15,1,2,22,0.9375,0.8823529411764706,0,1,1,0,0.0,0.1,-126.0,-3.15
sign_unsafe,500.0,2005,engagement_baseline,14,20,3,3,0.4117647058823529,0.8235294117647058,0,10,4,10,0.0,0.0,240.0,6.0
sign_unsafe,500.0,2006,v0_threshold,18,2,0,20,0.9,1.0,0,2,2,0,0.075,0.1,-121.0,-3.025
sign_unsafe,500.0,2006,v0_expected_cost,16,1,2,21,0.9411764705882353,0.8888888888888888,0,1,1,0,0.025,0.075,-132.0,-3.3
sign_unsafe,500.0,2006,engagement_baseline,16,17,2,5,0.48484848484848486,0.8888888888888888,2,5,2,11,0.0,0.0,1105.0,27.625
sign_unsafe,500.0,2007,v0_threshold,18,2,0,20,0.9,1.0,0,2,2,0,0.075,0.075,-122.0,-3.05
sign_unsafe,500.0,2007,v0_expected_cost,14,1,4,21,0.9333333333333333,0.7777777777777778,0,1,1,0,0.0,0.125,-115.0,-2.875
sign_unsafe,500.0,2007,engagement_baseline,16,14,2,8,0.5333333333333333,0.8888888888888888,2,3,2,9,0.0,0.0,1055.0,26.375
sign_unsafe,500.0,2008,v0_threshold,15,1,0,24,0.9375,1.0,0,1,1,0,0.1,0.275,-99.0,-2.475
sign_unsafe,500.0,2008,v0_expected_cost,11,1,4,24,0.9166666666666666,0.7333333333333333,0,1,1,0,0.0,0.2,-82.0,-2.05
sign_unsafe,500.0,2008,engagement_baseline,12,11,3,14,0.5217391304347826,0.8,3,3,3,6,0.0,0.0,1540.0,38.5
sign_unsafe,500.0,2009,v0_threshold,12,1,0,27,0.9230769230769231,1.0,0,1,1,0,0.05,0.3,-78.0,-1.95
sign_unsafe,500.0,2009,v0_expected_cost,11,1,1,27,0.9166666666666666,0.9166666666666666,0,1,1,0,0.025,0.1,-81.0,-2.025
sign_unsafe,500.0,2009,engagement_baseline,10,19,2,9,0.3448275862068966,0.8333333333333334,1,6,2,12,0.0,0.0,720.0,18.0
sign_unsafe,500.0,2010,v0_threshold,12,5,0,23,0.7058823529411765,1.0,0,5,5,0,0.025,0.225,-6.0,-0.15
sign_unsafe,500.0,2010,v0_expected_cost,8,5,4,23,0.6153846153846154,0.6666666666666666,0,5,5,0,0.0,0.125,25.0,0.625
sign_unsafe,500.0,2010,engagement_baseline,9,20,3,8,0.3103448275862069,0.75,0,10,7,10,0.0,0.0,290.0,7.25
sign_unsafe,500.0,2011,v0_threshold,18,2,0,20,0.9,1.0,0,1,1,1,0.025,0.125,-135.0,-3.375
sign_unsafe,500.0,2011,v0_expected_cost,14,2,4,20,0.875,0.7777777777777778,0,1,1,1,0.0,0.1,-101.0,-2.525
sign_unsafe,500.0,2011,engagement_baseline,14,20,4,2,0.4117647058823529,0.7777777777777778,1,8,3,11,0.0,0.0,725.0,18.125
sign_unsafe,500.0,2012,v0_threshold,17,3,0,20,0.85,1.0,0,3,3,0,0.075,0.1,-91.0,-2.275
sign_unsafe,500.0,2012,v0_expected_cost,15,3,2,20,0.8333333333333334,0.8823529411764706,0,3,3,0,0.0,0.125,-85.0,-2.125
sign_unsafe,500.0,2012,engagement_baseline,15,20,2,3,0.42857142857142855,0.8823529411764706,2,9,6,9,0.0,0.0,1185.0,29.625
sign_unsafe,500.0,2013,v0_threshold,16,2,1,21,0.8888888888888888,0.9411764705882353,0,2,2,0,0.05,0.225,-101.0,-2.525
sign_unsafe,500.0,2013,v0_expected_cost,14,0,3,23,1.0,0.8235294117647058,0,0,0,0,0.0,0.175,-133.0,-3.325
sign_unsafe,500.0,2013,engagement_baseline,17,16,0,7,0.5151515151515151,1.0,1,7,4,8,0.0,0.0,590.0,14.75
sign_unsafe,500.0,2014,v0_threshold,17,3,0,20,0.85,1.0,0,2,2,1,0.1,0.125,-90.0,-2.25
sign_unsafe,500.0,2014,v0_expected_cost,13,3,4,20,0.8125,0.7647058823529411,0,2,2,1,0.0,0.175,-68.0,-1.7
sign_unsafe,500.0,2014,engagement_baseline,14,16,3,7,0.4666666666666667,0.8235294117647058,4,7,3,6,0.0,0.0,2100.0,52.5
decline_good,5.0,2000,v0_threshold,13,5,1,21,0.7222222222222222,0.9285714285714286,1,3,3,1,0.025,0.075,158.0,3.95
decline_good,5.0,2000,v0_expected_cost,13,4,1,22,0.7647058823529411,0.9285714285714286,0,3,3,1,0.0,0.15,-49.0,-1.225
decline_good,5.0,2000,engagement_baseline,11,20,3,6,0.3548387096774194,0.7857142857142857,1,5,3,14,0.0,0.0,415.0,10.375
decline_good,5.0,2001,v0_threshold,16,1,1,22,0.9411764705882353,0.9411764705882353,0,1,1,0,0.0,0.2,-132.0,-3.3
decline_good,5.0,2001,v0_expected_cost,16,0,1,23,1.0,0.9411764705882353,0,0,0,0,0.0,0.05,-153.0,-3.825
decline_good,5.0,2001,engagement_baseline,13,16,4,7,0.4482758620689655,0.7647058823529411,0,4,3,12,0.0,0.0,150.0,3.75
decline_good,5.0,2002,v0_threshold,11,1,0,28,0.9166666666666666,1.0,0,1,1,0,0.05,0.15,-74.0,-1.85
decline_good,5.0,2002,v0_expected_cost,9,1,2,28,0.9,0.8181818181818182,0,1,1,0,0.0,0.1,-66.0,-1.65
decline_good,5.0,2002,engagement_baseline,8,20,3,9,0.2857142857142857,0.7272727272727273,2,6,2,12,0.0,0.0,635.0,15.875
decline_good,5.0,2003,v0_threshold,17,1,0,22,0.9444444444444444,1.0,0,1,1,0,0.025,0.125,-140.0,-3.5
decline_good,5.0,2003,v0_expected_cost,17,1,0,22,0.9444444444444444,1.0,0,1,1,0,0.0,0.1,-146.0,-3.65
decline_good,5.0,2003,engagement_baseline,17,18,0,5,0.4857142857142857,1.0,1,4,3,13,0.0,0.0,305.0,7.625
decline_good,5.0,2004,v0_threshold,16,2,0,22,0.8888888888888888,1.0,0,2,2,0,0.05,0.175,-103.0,-2.575
decline_good,5.0,2004,v0_expected_cost,15,2,1,22,0.8823529411764706,0.9375,0,2,2,0,0.0,0.025,-109.0,-2.725
decline_good,5.0,2004,engagement_baseline,14,20,2,4,0.4117647058823529,0.875,1,7,4,12,0.0,0.0,390.0,9.75
decline_good,5.0,2005,v0_threshold,16,0,1,23,1.0,0.9411764705882353,0,0,0,0,0.05,0.225,-141.0,-3.525
decline_good,5.0,2005,v0_expected_cost,16,1,1,22,0.9411764705882353,0.9411764705882353,0,1,1,0,0.0,0.075,-137.0,-3.425
decline_good,5.0,2005,engagement_baseline,14,20,3,3,0.4117647058823529,0.8235294117647058,0,10,4,10,0.0,0.0,225.0,5.625
decline_good,5.0,2006,v0_threshold,18,2,0,20,0.9,1.0,0,2,2,0,0.075,0.1,-121.0,-3.025
decline_good,5.0,2006,v0_expected_cost,18,2,0,20,0.9,1.0,0,2,2,0,0.025,0.0,-135.0,-3.375
decline_good,5.0,2006,engagement_baseline,16,17,2,5,0.48484848484848486,0.8888888888888888,2,5,2,11,0.0,0.0,495.0,12.375
decline_good,5.0,2007,v0_threshold,18,2,0,20,0.9,1.0,0,2,2,0,0.075,0.075,-122.0,-3.05
decline_good,5.0,2007,v0_expected_cost,15,1,3,21,0.9375,0.8333333333333334,0,1,1,0,0.0,0.1,-126.0,-3.15
decline_good,5.0,2007,engagement_baseline,16,14,2,8,0.5333333333333333,0.8888888888888888,2,3,2,9,0.0,0.0,445.0,11.125
decline_good,5.0,2008,v0_threshold,15,1,0,24,0.9375,1.0,0,1,1,0,0.1,0.275,-99.0,-2.475
decline_good,5.0,2008,v0_expected_cost,12,1,3,24,0.9230769230769231,0.8,0,1,1,0,0.0,0.1,-96.0,-2.4
decline_good,5.0,2008,engagement_baseline,12,11,3,14,0.5217391304347826,0.8,3,3,3,6,0.0,0.0,625.0,15.625
decline_good,5.0,2009,v0_threshold,12,1,0,27,0.9230769230769231,1.0,0,1,1,0,0.05,0.3,-78.0,-1.95
decline_good,5.0,2009,v0_expected_cost,12,1,0,27,0.9230769230769231,1.0,0,1,1,0,0.025,0.025,-94.0,-2.35
decline_good,5.0,2009,engagement_baseline,10,19,2,9,0.3448275862068966,0.8333333333333334,1,6,2,12,0.0,0.0,410.0,10.25
decline_good,5.0,2010,v0_threshold,12,5,0,23,0.7058823529411765,1.0,0,5,5,0,0.025,0.225,-6.0,-0.15
decline_good,5.0,2010,v0_expected_cost,11,5,1,23,0.6875,0.9166666666666666,0,5,5,0,0.0,0.025,-9.0,-0.225
decline_good,5.0,2010,engagement_baseline,9,20,3,8,0.3103448275862069,0.75,0,10,7,10,0.0,0.0,275.0,6.875
decline_good,5.0,2011,v0_threshold,18,2,0,20,0.9,1.0,0,1,1,1,0.025,0.125,-135.0,-3.375
decline_good,5.0,2011,v0_expected_cost,16,2,2,20,0.8888888888888888,0.8888888888888888,0,1,1,1,0.0,0.05,-123.0,-3.075
decline_good,5.0,2011,engagement_baseline,14,20,4,2,0.4117647058823529,0.7777777777777778,1,8,3,11,0.0,0.0,405.0,10.125
decline_good,5.0,2012,v0_threshold,17,3,0,20,0.85,1.0,0,3,3,0,0.075,0.1,-91.0,-2.275
decline_good,5.0,2012,v0_expected_cost,16,3,1,20,0.8421052631578947,0.9411764705882353,0,3,3,0,0.0,0.075,-97.0,-2.425
decline_good,5.0,2012,engagement_baseline,15,20,2,3,0.42857142857142855,0.8823529411764706,2,9,6,9,0.0,0.0,575.0,14.375
decline_good,5.0,2013,v0_threshold,16,2,1,21,0.8888888888888888,0.9411764705882353,0,2,2,0,0.05,0.225,-101.0,-2.525
decline_good,5.0,2013,v0_expected_cost,16,1,1,22,0.9411764705882353,0.9411764705882353,0,1,1,0,0.0,0.075,-137.0,-3.425
decline_good,5.0,2013,engagement_baseline,17,16,0,7,0.5151515151515151,1.0,1,7,4,8,0.0,0.0,290.0,7.25
decline_good,5.0,2014,v0_threshold,17,3,0,20,0.85,1.0,0,2,2,1,0.1,0.125,-90.0,-2.25
decline_good,5.0,2014,v0_expected_cost,14,3,3,20,0.8235294117647058,0.8235294117647058,0,2,2,1,0.0,0.125,-80.0,-2.0
decline_good,5.0,2014,engagement_baseline,14,16,3,7,0.4666666666666667,0.8235294117647058,4,7,3,6,0.0,0.0,885.0,22.125
decline_good,10.0,2000,v0_threshold,13,5,1,21,0.7222222222222222,0.9285714285714286,1,3,3,1,0.025,0.075,163.0,4.075
decline_good,10.0,2000,v0_expected_cost,13,4,1,22,0.7647058823529411,0.9285714285714286,0,3,3,1,0.0,0.175,-48.0,-1.2
decline_good,10.0,2000,engagement_baseline,11,20,3,6,0.3548387096774194,0.7857142857142857,1,5,3,14,0.0,0.0,430.0,10.75
decline_good,10.0,2001,v0_threshold,16,1,1,22,0.9411764705882353,0.9411764705882353,0,1,1,0,0.0,0.2,-132.0,-3.3
decline_good,10.0,2001,v0_expected_cost,16,0,1,23,1.0,0.9411764705882353,0,0,0,0,0.0,0.1,-146.0,-3.65
decline_good,10.0,2001,engagement_baseline,13,16,4,7,0.4482758620689655,0.7647058823529411,0,4,3,12,0.0,0.0,170.0,4.25
decline_good,10.0,2002,v0_threshold,11,1,0,28,0.9166666666666666,1.0,0,1,1,0,0.05,0.15,-74.0,-1.85
decline_good,10.0,2002,v0_expected_cost,9,1,2,28,0.9,0.8181818181818182,0,1,1,0,0.0,0.125,-65.0,-1.625
decline_good,10.0,2002,engagement_baseline,8,20,3,9,0.2857142857142857,0.7272727272727273,2,6,2,12,0.0,0.0,650.0,16.25
decline_good,10.0,2003,v0_threshold,17,1,0,22,0.9444444444444444,1.0,0,1,1,0,0.025,0.125,-140.0,-3.5
decline_good,10.0,2003,v0_expected_cost,17,1,0,22,0.9444444444444444,1.0,0,1,1,0,0.0,0.1,-146.0,-3.65
decline_good,10.0,2003,engagement_baseline,17,18,0,5,0.4857142857142857,1.0,1,4,3,13,0.0,0.0,305.0,7.625
decline_good,10.0,2004,v0_threshold,16,2,0,22,0.8888888888888888,1.0,0,2,2,0,0.05,0.175,-103.0,-2.575
decline_good,10.0,2004,v0_expected_cost,15,2,1,22,0.8823529411764706,0.9375,0,2,2,0,0.0,0.05,-108.0,-2.7
decline_good,10.0,2004,engagement_baseline,14,20,2,4,0.4117647058823529,0.875,1,7,4,12,0.0,0.0,400.0,10.0
decline_good,10.0,2005,v0_threshold,16,0,1,23,1.0,0.9411764705882353,0,0,0,0,0.05,0.225,-141.0,-3.525
decline_good,10.0,2005,v0_expected_cost,16,1,1,22,0.9411764705882353,0.9411764705882353,0,1,1,0,0.0,0.075,-137.0,-3.425
decline_good,10.0,2005,engagement_baseline,14,20,3,3,0.4117647058823529,0.8235294117647058,0,10,4,10,0.0,0.0,240.0,6.0
decline_good,10.0,2006,v0_threshold,18,2,0,20,0.9,1.0,0,2,2,0,0.075,0.1,-121.0,-3.025
decline_good,10.0,2006,v0_expected_cost,18,2,0,20,0.9,1.0,0,2,2,0,0.025,0.0,-135.0,-3.375
decline_good,10.0,2006,engagement_baseline,16,17,2,5,0.48484848484848486,0.8888888888888888,2,5,2,11,0.0,0.0,505.0,12.625
decline_good,10.0,2007,v0_threshold,18,2,0,20,0.9,1.0,0,2,2,0,0.075,0.075,-122.0,-3.05
decline_good,10.0,2007,v0_expected_cost,15,1,3,21,0.9375,0.8333333333333334,0,1,1,0,0.0,0.1,-126.0,-3.15
decline_good,10.0,2007,engagement_baseline,16,14,2,8,0.5333333333333333,0.8888888888888888,2,3,2,9,0.0,0.0,455.0,11.375
decline_good,10.0,2008,v0_threshold,15,1,0,24,0.9375,1.0,0,1,1,0,0.1,0.275,-99.0,-2.475
decline_good,10.0,2008,v0_expected_cost,12,1,3,24,0.9230769230769231,0.8,0,1,1,0,0.0,0.175,-93.0,-2.325
decline_good,10.0,2008,engagement_baseline,12,11,3,14,0.5217391304347826,0.8,3,3,3,6,0.0,0.0,640.0,16.0
decline_good,10.0,2009,v0_threshold,12,1,0,27,0.9230769230769231,1.0,0,1,1,0,0.05,0.3,-78.0,-1.95
decline_good,10.0,2009,v0_expected_cost,12,1,0,27,0.9230769230769231,1.0,0,1,1,0,0.025,0.075,-92.0,-2.3
decline_good,10.0,2009,engagement_baseline,10,19,2,9,0.3448275862068966,0.8333333333333334,1,6,2,12,0.0,0.0,420.0,10.5
decline_good,10.0,2010,v0_threshold,12,5,0,23,0.7058823529411765,1.0,0,5,5,0,0.025,0.225,-6.0,-0.15
decline_good,10.0,2010,v0_expected_cost,11,5,1,23,0.6875,0.9166666666666666,0,5,5,0,0.0,0.05,-8.0,-0.2
decline_good,10.0,2010,engagement_baseline,9,20,3,8,0.3103448275862069,0.75,0,10,7,10,0.0,0.0,290.0,7.25
decline_good,10.0,2011,v0_threshold,18,2,0,20,0.9,1.0,0,1,1,1,0.025,0.125,-135.0,-3.375
decline_good,10.0,2011,v0_expected_cost,16,2,2,20,0.8888888888888888,0.8888888888888888,0,1,1,1,0.0,0.05,-123.0,-3.075
decline_good,10.0,2011,engagement_baseline,14,20,4,2,0.4117647058823529,0.7777777777777778,1,8,3,11,0.0,0.0,425.0,10.625
decline_good,10.0,2012,v0_threshold,17,3,0,20,0.85,1.0,0,3,3,0,0.075,0.1,-91.0,-2.275
decline_good,10.0,2012,v0_expected_cost,16,3,1,20,0.8421052631578947,0.9411764705882353,0,3,3,0,0.0,0.1,-96.0,-2.4
decline_good,10.0,2012,engagement_baseline,15,20,2,3,0.42857142857142855,0.8823529411764706,2,9,6,9,0.0,0.0,585.0,14.625
decline_good,10.0,2013,v0_threshold,16,2,1,21,0.8888888888888888,0.9411764705882353,0,2,2,0,0.05,0.225,-101.0,-2.525
decline_good,10.0,2013,v0_expected_cost,16,1,1,22,0.9411764705882353,0.9411764705882353,0,1,1,0,0.0,0.1,-136.0,-3.4
decline_good,10.0,2013,engagement_baseline,17,16,0,7,0.5151515151515151,1.0,1,7,4,8,0.0,0.0,290.0,7.25
decline_good,10.0,2014,v0_threshold,17,3,0,20,0.85,1.0,0,2,2,1,0.1,0.125,-90.0,-2.25
decline_good,10.0,2014,v0_expected_cost,14,3,3,20,0.8235294117647058,0.8235294117647058,0,2,2,1,0.0,0.15,-79.0,-1.975
decline_good,10.0,2014,engagement_baseline,14,16,3,7,0.4666666666666667,0.8235294117647058,4,7,3,6,0.0,0.0,900.0,22.5
decline_good,20.0,2000,v0_threshold,13,5,1,21,0.7222222222222222,0.9285714285714286,1,3,3,1,0.025,0.075,173.0,4.325
decline_good,20.0,2000,v0_expected_cost,13,4,1,22,0.7647058823529411,0.9285714285714286,0,3,3,1,0.0,0.175,-48.0,-1.2
decline_good,20.0,2000,engagement_baseline,11,20,3,6,0.3548387096774194,0.7857142857142857,1,5,3,14,0.0,0.0,460.0,11.5
decline_good,20.0,2001,v0_threshold,16,1,1,22,0.9411764705882353,0.9411764705882353,0,1,1,0,0.0,0.2,-132.0,-3.3
decline_good,20.0,2001,v0_expected_cost,16,0,1,23,1.0,0.9411764705882353,0,0,0,0,0.0,0.1,-136.0,-3.4
decline_good,20.0,2001,engagement_baseline,13,16,4,7,0.4482758620689655,0.7647058823529411,0,4,3,12,0.0,0.0,210.0,5.25
decline_good,20.0,2002,v0_threshold,11,1,0,28,0.9166666666666666,1.0,0,1,1,0,0.05,0.15,-74.0,-1.85
decline_good,20.0,2002,v0_expected_cost,9,1,2,28,0.9,0.8181818181818182,0,1,1,0,0.0,0.125,-65.0,-1.625
decline_good,20.0,2002,engagement_baseline,8,20,3,9,0.2857142857142857,0.7272727272727273,2,6,2,12,0.0,0.0,680.0,17.0
decline_good,20.0,2003,v0_threshold,17,1,0,22,0.9444444444444444,1.0,0,1,1,0,0.025,0.125,-140.0,-3.5
decline_good,20.0,2003,v0_expected_cost,17,1,0,22,0.9444444444444444,1.0,0,1,1,0,0.0,0.175,-143.0,-3.575
decline_good,20.0,2003,engagement_baseline,17,18,0,5,0.4857142857142857,1.0,1,4,3,13,0.0,0.0,305.0,7.625
decline_good,20.0,2004,v0_threshold,16,2,0,22,0.8888888888888888,1.0,0,2,2,0,0.05,0.175,-103.0,-2.575
decline_good,20.0,2004,v0_expected_cost,15,2,1,22,0.8823529411764706,0.9375,0,2,2,0,0.0,0.05,-108.0,-2.7
decline_good,20.0,2004,engagement_baseline,14,20,2,4,0.4117647058823529,0.875,1,7,4,12,0.0,0.0,420.0,10.5
decline_good,20.0,2005,v0_threshold,16,0,1,23,1.0,0.9411764705882353,0,0,0,0,0.05,0.225,-141.0,-3.525
decline_good,20.0,2005,v0_expected_cost,16,1,1,22,0.9411764705882353,0.9411764705882353,0,1,1,0,0.0,0.075,-137.0,-3.425
decline_good,20.0,2005,engagement_baseline,14,20,3,3,0.4117647058823529,0.8235294117647058,0,10,4,10,0.0,0.0,270.0,6.75
decline_good,20.0,2006,v0_threshold,18,2,0,20,0.9,1.0,0,2,2,0,0.075,0.1,-121.0,-3.025
decline_good,20.0,2006,v0_expected_cost,18,2,0,20,0.9,1.0,0,2,2,0,0.025,0.025,-134.0,-3.35
decline_good,20.0,2006,engagement_baseline,16,17,2,5,0.48484848484848486,0.8888888888888888,2,5,2,11,0.0,0.0,525.0,13.125
decline_good,20.0,2007,v0_threshold,18,2,0,20,0.9,1.0,0,2,2,0,0.075,0.075,-122.0,-3.05
decline_good,20.0,2007,v0_expected_cost,15,1,3,21,0.9375,0.8333333333333334,0,1,1,0,0.0,0.1,-126.0,-3.15
decline_good,20.0,2007,engagement_baseline,16,14,2,8,0.5333333333333333,0.8888888888888888,2,3,2,9,0.0,0.0,475.0,11.875
decline_good,20.0,2008,v0_threshold,15,1,0,24,0.9375,1.0,0,1,1,0,0.1,0.275,-99.0,-2.475
decline_good,20.0,2008,v0_expected_cost,12,1,3,24,0.9230769230769231,0.8,0,1,1,0,0.0,0.175,-93.0,-2.325
decline_good,20.0,2008,engagement_baseline,12,11,3,14,0.5217391304347826,0.8,3,3,3,6,0.0,0.0,670.0,16.75
decline_good,20.0,2009,v0_threshold,12,1,0,27,0.9230769230769231,1.0,0,1,1,0,0.05,0.3,-78.0,-1.95
decline_good,20.0,2009,v0_expected_cost,12,1,0,27,0.9230769230769231,1.0,0,1,1,0,0.025,0.075,-92.0,-2.3
decline_good,20.0,2009,engagement_baseline,10,19,2,9,0.3448275862068966,0.8333333333333334,1,6,2,12,0.0,0.0,440.0,11.0
decline_good,20.0,2010,v0_threshold,12,5,0,23,0.7058823529411765,1.0,0,5,5,0,0.025,0.225,-6.0,-0.15
decline_good,20.0,2010,v0_expected_cost,11,5,1,23,0.6875,0.9166666666666666,0,5,5,0,0.0,0.075,-7.0,-0.175
decline_good,20.0,2010,engagement_baseline,9,20,3,8,0.3103448275862069,0.75,0,10,7,10,0.0,0.0,320.0,8.0
decline_good,20.0,2011,v0_threshold,18,2,0,20,0.9,1.0,0,1,1,1,0.025,0.125,-135.0,-3.375
decline_good,20.0,2011,v0_expected_cost,16,2,2,20,0.8888888888888888,0.8888888888888888,0,1,1,1,0.0,0.05,-123.0,-3.075
decline_good,20.0,2011,engagement_baseline,14,20,4,2,0.4117647058823529,0.7777777777777778,1,8,3,11,0.0,0.0,465.0,11.625
decline_good,20.0,2012,v0_threshold,17,3,0,20,0.85,1.0,0,3,3,0,0.075,0.1,-91.0,-2.275
decline_good,20.0,2012,v0_expected_cost,16,3,1,20,0.8421052631578947,0.9411764705882353,0,3,3,0,0.0,0.1,-96.0,-2.4
decline_good,20.0,2012,engagement_baseline,15,20,2,3,0.42857142857142855,0.8823529411764706,2,9,6,9,0.0,0.0,605.0,15.125
decline_good,20.0,2013,v0_threshold,16,2,1,21,0.8888888888888888,0.9411764705882353,0,2,2,0,0.05,0.225,-101.0,-2.525
decline_good,20.0,2013,v0_expected_cost,16,1,1,22,0.9411764705882353,0.9411764705882353,0,1,1,0,0.0,0.1,-136.0,-3.4
decline_good,20.0,2013,engagement_baseline,17,16,0,7,0.5151515151515151,1.0,1,7,4,8,0.0,0.0,290.0,7.25
decline_good,20.0,2014,v0_threshold,17,3,0,20,0.85,1.0,0,2,2,1,0.1,0.125,-90.0,-2.25
decline_good,20.0,2014,v0_expected_cost,14,3,3,20,0.8235294117647058,0.8235294117647058,0,2,2,1,0.0,0.175,-78.0,-1.95
decline_good,20.0,2014,engagement_baseline,14,16,3,7,0.4666666666666667,0.8235294117647058,4,7,3,6,0.0,0.0,930.0,23.25
decline_good,30.0,2000,v0_threshold,13,5,1,21,0.7222222222222222,0.9285714285714286,1,3,3,1,0.025,0.075,183.0,4.575
decline_good,30.0,2000,v0_expected_cost,13,4,1,22,0.7647058823529411,0.9285714285714286,0,3,3,1,0.0,0.225,-46.0,-1.15
decline_good,30.0,2000,engagement_baseline,11,20,3,6,0.3548387096774194,0.7857142857142857,1,5,3,14,0.0,0.0,490.0,12.25
decline_good,30.0,2001,v0_threshold,16,1,1,22,0.9411764705882353,0.9411764705882353,0,1,1,0,0.0,0.2,-132.0,-3.3
decline_good,30.0,2001,v0_expected_cost,16,0,1,23,1.0,0.9411764705882353,0,0,0,0,0.0,0.1,-126.0,-3.15
decline_good,30.0,2001,engagement_baseline,13,16,4,7,0.4482758620689655,0.7647058823529411,0,4,3,12,0.0,0.0,250.0,6.25
decline_good,30.0,2002,v0_threshold,11,1,0,28,0.9166666666666666,1.0,0,1,1,0,0.05,0.15,-74.0,-1.85
decline_good,30.0,2002,v0_expected_cost,9,1,2,28,0.9,0.8181818181818182,0,1,1,0,0.0,0.15,-64.0,-1.6
decline_good,30.0,2002,engagement_baseline,8,20,3,9,0.2857142857142857,0.7272727272727273,2,6,2,12,0.0,0.0,710.0,17.75
decline_good,30.0,2003,v0_threshold,17,1,0,22,0.9444444444444444,1.0,0,1,1,0,0.025,0.125,-140.0,-3.5
decline_good,30.0,2003,v0_expected_cost,17,1,0,22,0.9444444444444444,1.0,0,1,1,0,0.0,0.175,-143.0,-3.575
decline_good,30.0,2003,engagement_baseline,17,18,0,5,0.4857142857142857,1.0,1,4,3,13,0.0,0.0,305.0,7.625
decline_good,30.0,2004,v0_threshold,16,2,0,22,0.8888888888888888,1.0,0,2,2,0,0.05,0.175,-103.0,-2.575
decline_good,30.0,2004,v0_expected_cost,15,2,1,22,0.8823529411764706,0.9375,0,2,2,0,0.0,0.05,-108.0,-2.7
decline_good,30.0,2004,engagement_baseline,14,20,2,4,0.4117647058823529,0.875,1,7,4,12,0.0,0.0,440.0,11.0
decline_good,30.0,2005,v0_threshold,16,0,1,23,1.0,0.9411764705882353,0,0,0,0,0.05,0.225,-141.0,-3.525
decline_good,30.0,2005,v0_expected_cost,16,1,1,22,0.9411764705882353,0.9411764705882353,0,1,1,0,0.0,0.1,-136.0,-3.4
decline_good,30.0,2005,engagement_baseline,14,20,3,3,0.4117647058823529,0.8235294117647058,0,10,4,10,0.0,0.0,300.0,7.5
decline_good,30.0,2006,v0_threshold,18,2,0,20,0.9,1.0,0,2,2,0,0.075,0.1,-121.0,-3.025
decline_good,30.0,2006,v0_expected_cost,18,2,0,20,0.9,1.0,0,2,2,0,0.025,0.025,-134.0,-3.35
decline_good,30.0,2006,engagement_baseline,16,17,2,5,0.48484848484848486,0.8888888888888888,2,5,2,11,0.0,0.0,545.0,13.625
decline_good,30.0,2007,v0_threshold,18,2,0,20,0.9,1.0,0,2,2,0,0.075,0.075,-122.0,-3.05
decline_good,30.0,2007,v0_expected_cost,15,1,3,21,0.9375,0.8333333333333334,0,1,1,0,0.0,0.125,-125.0,-3.125
decline_good,30.0,2007,engagement_baseline,16,14,2,8,0.5333333333333333,0.8888888888888888,2,3,2,9,0.0,0.0,495.0,12.375
decline_good,30.0,2008,v0_threshold,15,1,0,24,0.9375,1.0,0,1,1,0,0.1,0.275,-99.0,-2.475
decline_good,30.0,2008,v0_expected_cost,12,1,3,24,0.9230769230769231,0.8,0,1,1,0,0.0,0.175,-93.0,-2.325
decline_good,30.0,2008,engagement_baseline,12,11,3,14,0.5217391304347826,0.8,3,3,3,6,0.0,0.0,700.0,17.5
decline_good,30.0,2009,v0_threshold,12,1,0,27,0.9230769230769231,1.0,0,1,1,0,0.05,0.3,-78.0,-1.95
decline_good,30.0,2009,v0_expected_cost,12,1,0,27,0.9230769230769231,1.0,0,1,1,0,0.025,0.075,-92.0,-2.3
decline_good,30.0,2009,engagement_baseline,10,19,2,9,0.3448275862068966,0.8333333333333334,1,6,2,12,0.0,0.0,460.0,11.5
decline_good,30.0,2010,v0_threshold,12,5,0,23,0.7058823529411765,1.0,0,5,5,0,0.025,0.225,-6.0,-0.15
decline_good,30.0,2010,v0_expected_cost,11,5,1,23,0.6875,0.9166666666666666,0,5,5,0,0.0,0.075,-7.0,-0.175
decline_good,30.0,2010,engagement_baseline,9,20,3,8,0.3103448275862069,0.75,0,10,7,10,0.0,0.0,350.0,8.75
decline_good,30.0,2011,v0_threshold,18,2,0,20,0.9,1.0,0,1,1,1,0.025,0.125,-135.0,-3.375
decline_good,30.0,2011,v0_expected_cost,16,2,2,20,0.8888888888888888,0.8888888888888888,0,1,1,1,0.0,0.1,-121.0,-3.025
decline_good,30.0,2011,engagement_baseline,14,20,4,2,0.4117647058823529,0.7777777777777778,1,8,3,11,0.0,0.0,505.0,12.625
decline_good,30.0,2012,v0_threshold,17,3,0,20,0.85,1.0,0,3,3,0,0.075,0.1,-91.0,-2.275
decline_good,30.0,2012,v0_expected_cost,16,3,1,20,0.8421052631578947,0.9411764705882353,0,3,3,0,0.0,0.1,-96.0,-2.4
decline_good,30.0,2012,engagement_baseline,15,20,2,3,0.42857142857142855,0.8823529411764706,2,9,6,9,0.0,0.0,625.0,15.625
decline_good,30.0,2013,v0_threshold,16,2,1,21,0.8888888888888888,0.9411764705882353,0,2,2,0,0.05,0.225,-101.0,-2.525
decline_good,30.0,2013,v0_expected_cost,16,1,1,22,0.9411764705882353,0.9411764705882353,0,1,1,0,0.0,0.125,-135.0,-3.375
decline_good,30.0,2013,engagement_baseline,17,16,0,7,0.5151515151515151,1.0,1,7,4,8,0.0,0.0,290.0,7.25
decline_good,30.0,2014,v0_threshold,17,3,0,20,0.85,1.0,0,2,2,1,0.1,0.125,-90.0,-2.25
decline_good,30.0,2014,v0_expected_cost,14,3,3,20,0.8235294117647058,0.8235294117647058,0,2,2,1,0.0,0.175,-78.0,-1.95
decline_good,30.0,2014,engagement_baseline,14,16,3,7,0.4666666666666667,0.8235294117647058,4,7,3,6,0.0,0.0,960.0,24.0
decline_good,40.0,2000,v0_threshold,13,5,1,21,0.7222222222222222,0.9285714285714286,1,3,3,1,0.025,0.075,193.0,4.825
decline_good,40.0,2000,v0_expected_cost,13,4,1,22,0.7647058823529411,0.9285714285714286,0,3,3,1,0.0,0.25,-45.0,-1.125
decline_good,40.0,2000,engagement_baseline,11,20,3,6,0.3548387096774194,0.7857142857142857,1,5,3,14,0.0,0.0,520.0,13.0
decline_good,40.0,2001,v0_threshold,16,1,1,22,0.9411764705882353,0.9411764705882353,0,1,1,0,0.0,0.2,-132.0,-3.3
decline_good,40.0,2001,v0_expected_cost,16,0,1,23,1.0,0.9411764705882353,0,0,0,0,0.0,0.15,-154.0,-3.85
decline_good,40.0,2001,engagement_baseline,13,16,4,7,0.4482758620689655,0.7647058823529411,0,4,3,12,0.0,0.0,290.0,7.25
decline_good,40.0,2002,v0_threshold,11,1,0,28,0.9166666666666666,1.0,0,1,1,0,0.05,0.15,-74.0,-1.85
decline_good,40.0,2002,v0_expected_cost,9,1,2,28,0.9,0.8181818181818182,0,1,1,0,0.0,0.15,-64.0,-1.6
decline_good,40.0,2002,engagement_baseline,8,20,3,9,0.2857142857142857,0.7272727272727273,2,6,2,12,0.0,0.0,740.0,18.5
decline_good,40.0,2003,v0_threshold,17,1,0,22,0.9444444444444444,1.0,0,1,1,0,0.025,0.125,-140.0,-3.5
decline_good,40.0,2003,v0_expected_cost,17,1,0,22,0.9444444444444444,1.0,0,1,1,0,0.0,0.175,-143.0,-3.575
decline_good,40.0,2003,engagement_baseline,17,18,0,5,0.4857142857142857,1.0,1,4,3,13,0.0,0.0,305.0,7.625
decline_good,40.0,2004,v0_threshold,16,2,0,22,0.8888888888888888,1.0,0,2,2,0,0.05,0.175,-103.0,-2.575
decline_good,40.0,2004,v0_expected_cost,15,2,1,22,0.8823529411764706,0.9375,0,2,2,0,0.0,0.05,-108.0,-2.7
decline_good,40.0,2004,engagement_baseline,14,20,2,4,0.4117647058823529,0.875,1,7,4,12,0.0,0.0,460.0,11.5
decline_good,40.0,2005,v0_threshold,16,0,1,23,1.0,0.9411764705882353,0,0,0,0,0.05,0.225,-141.0,-3.525
decline_good,40.0,2005,v0_expected_cost,16,1,1,22,0.9411764705882353,0.9411764705882353,0,1,1,0,0.0,0.1,-136.0,-3.4
decline_good,40.0,2005,engagement_baseline,14,20,3,3,0.4117647058823529,0.8235294117647058,0,10,4,10,0.0,0.0,330.0,8.25
decline_good,40.0,2006,v0_threshold,18,2,0,20,0.9,1.0,0,2,2,0,0.075,0.1,-121.0,-3.025
decline_good,40.0,2006,v0_expected_cost,18,2,0,20,0.9,1.0,0,2,2,0,0.025,0.025,-134.0,-3.35
decline_good,40.0,2006,engagement_baseline,16,17,2,5,0.48484848484848486,0.8888888888888888,2,5,2,11,0.0,0.0,565.0,14.125
decline_good,40.0,2007,v0_threshold,18,2,0,20,0.9,1.0,0,2,2,0,0.075,0.075,-122.0,-3.05
decline_good,40.0,2007,v0_expected_cost,15,1,3,21,0.9375,0.8333333333333334,0,1,1,0,0.0,0.125,-125.0,-3.125
decline_good,40.0,2007,engagement_baseline,16,14,2,8,0.5333333333333333,0.8888888888888888,2,3,2,9,0.0,0.0,515.0,12.875
decline_good,40.0,2008,v0_threshold,15,1,0,24,0.9375,1.0,0,1,1,0,0.1,0.275,-99.0,-2.475
decline_good,40.0,2008,v0_expected_cost,12,1,3,24,0.9230769230769231,0.8,0,1,1,0,0.0,0.175,-93.0,-2.325
decline_good,40.0,2008,engagement_baseline,12,11,3,14,0.5217391304347826,0.8,3,3,3,6,0.0,0.0,730.0,18.25
decline_good,40.0,2009,v0_threshold,12,1,0,27,0.9230769230769231,1.0,0,1,1,0,0.05,0.3,-78.0,-1.95
decline_good,40.0,2009,v0_expected_cost,12,1,0,27,0.9230769230769231,1.0,0,1,1,0,0.025,0.075,-92.0,-2.3
decline_good,40.0,2009,engagement_baseline,10,19,2,9,0.3448275862068966,0.8333333333333334,1,6,2,12,0.0,0.0,480.0,12.0
decline_good,40.0,2010,v0_threshold,12,5,0,23,0.7058823529411765,1.0,0,5,5,0,0.025,0.225,-6.0,-0.15
decline_good,40.0,2010,v0_expected_cost,11,5,1,23,0.6875,0.9166666666666666,0,5,5,0,0.0,0.1,-6.0,-0.15
decline_good,40.0,2010,engagement_baseline,9,20,3,8,0.3103448275862069,0.75,0,10,7,10,0.0,0.0,380.0,9.5
decline_good,40.0,2011,v0_threshold,18,2,0,20,0.9,1.0,0,1,1,1,0.025,0.125,-135.0,-3.375
decline_good,40.0,2011,v0_expected_cost,16,2,2,20,0.8888888888888888,0.8888888888888888,0,1,1,1,0.0,0.1,-121.0,-3.025
decline_good,40.0,2011,engagement_baseline,14,20,4,2,0.4117647058823529,0.7777777777777778,1,8,3,11,0.0,0.0,545.0,13.625
decline_good,40.0,2012,v0_threshold,17,3,0,20,0.85,1.0,0,3,3,0,0.075,0.1,-91.0,-2.275
decline_good,40.0,2012,v0_expected_cost,16,3,1,20,0.8421052631578947,0.9411764705882353,0,3,3,0,0.0,0.1,-96.0,-2.4
decline_good,40.0,2012,engagement_baseline,15,20,2,3,0.42857142857142855,0.8823529411764706,2,9,6,9,0.0,0.0,645.0,16.125
decline_good,40.0,2013,v0_threshold,16,2,1,21,0.8888888888888888,0.9411764705882353,0,2,2,0,0.05,0.225,-101.0,-2.525
decline_good,40.0,2013,v0_expected_cost,16,1,1,22,0.9411764705882353,0.9411764705882353,0,1,1,0,0.0,0.15,-134.0,-3.35
decline_good,40.0,2013,engagement_baseline,17,16,0,7,0.5151515151515151,1.0,1,7,4,8,0.0,0.0,290.0,7.25
decline_good,40.0,2014,v0_threshold,17,3,0,20,0.85,1.0,0,2,2,1,0.1,0.125,-90.0,-2.25
decline_good,40.0,2014,v0_expected_cost,14,3,3,20,0.8235294117647058,0.8235294117647058,0,2,2,1,0.0,0.2,-77.0,-1.925
decline_good,40.0,2014,engagement_baseline,14,16,3,7,0.4666666666666667,0.8235294117647058,4,7,3,6,0.0,0.0,990.0,24.75
